ID,ID2,Feature,Feature2,swap_proportion,Acc,Acc_after,distortion_multiple,distortion_feature,hellinger_div,wasserstein_div,cramers_v_div,total_variation_div,KL_div,JS_Div,Casuality,Importance,effect_distance,effect_distance_contrained,SP,SP_after,TPR,TPR_after,FPR,FPR_after
F_0,F_1,age,race,0.1,81.544,81.226,0.004020170503057474,0.004020170503057474,0.9743266518776079,0.0011962267320555248,0.9976164618645854,0.03472140943210074,0.0018772690929449373,0.020813626832669435,1.157,18.774,0.018273736086278244,12.308299555284172,0.143,0.141,0.414,0.402,0.058,0.059
F_0,F_2,age,sex,0.1,81.544,81.001,0.003064124508110888,0.003064124508110888,1.0686468255355392,0.0011125744649694536,0.9976133690625668,0.0375438644929908,0.0022339294220492197,0.022825894582198282,1.259,18.999,0.020779227804534783,14.210414954354498,0.143,0.139,0.414,0.393,0.058,0.059
F_0,F_3,age,capital-gain,0.1,81.544,78.012,0.008103254599360121,0.008103254599360121,2.0622529491355586,0.004447334473044297,0.997729585446168,0.0975516805071131,0.007610569373494274,0.04323071924730759,5.21,21.988,0.0524355653337552,4.847026132373784,0.143,0.179,0.414,0.414,0.058,0.105
F_0,F_4,age,capital-loss,0.1,81.544,79.803,0.12497412556053411,0.12497412556053411,1.6762724394996686,0.002868174559813338,0.9977398964002202,0.061893211803418044,0.0051452497169533346,0.035424316700291815,3.419,20.197,0.03731302731551695,6.268690171856778,0.143,0.162,0.414,0.417,0.058,0.082
F_0,F_5,age,hours-per-week,0.1,81.544,80.438,0.0172766480172446,0.0172766480172446,1.3718403718103778,0.0016381883446628179,0.9976991760558489,0.039469323851476466,0.0035696450361989663,0.029211938297094765,2.252,19.562,0.028706485559566286,7.744158174901623,0.143,0.149,0.414,0.403,0.058,0.069
F_1,F_0,race,age,0.1,81.544,81.165,0.0038713546628915685,0.0038713546628915685,1.0360890212765799,0.0010757179497546275,0.9976063555815249,0.03459559105436208,0.002107594757046672,0.02214355232627638,1.3,18.835,0.019844402421941694,11.215060097758132,0.143,0.141,0.414,0.402,0.058,0.059
F_1,F_2,race,sex,0.1,81.544,81.359,0.0016254614155633007,0.0016254614155633007,0.9210334727795582,0.0014660948537053749,0.9976073853158184,0.03474092298315009,0.0016935205938234587,0.019655298126691145,1.003,18.641,0.016622062936318602,53.28864670311141,0.143,0.139,0.414,0.402,0.058,0.057
F_1,F_3,race,capital-gain,0.1,81.544,77.797,0.010672642379839004,0.010672642379839004,2.072678817895864,0.005055886715876532,0.9977220431321376,0.10242905387103575,0.007624105387810717,0.04328073841918501,5.384,22.203,0.05297687512619351,19.110808160563202,0.143,0.183,0.414,0.418,0.058,0.109
F_1,F_4,race,capital-loss,0.1,81.544,79.609,0.12303518068725738,0.12303518068725738,1.7155663913403727,0.0034618728008716723,0.997739801714,0.0711666183914199,0.0053200786070177405,0.03606608397051138,3.654,20.391,0.038628818831769156,5.762172944967915,0.143,0.169,0.414,0.428,0.058,0.088
F_1,F_5,race,hours-per-week,0.1,81.544,80.663,0.01649416404211157,0.01649416404211157,1.21609760405717,0.0016865558534110677,0.9977206666346987,0.034754095291460244,0.002801242181029259,0.02586213610059134,1.904,19.337,0.02376144521258954,10.103128523046063,0.143,0.148,0.414,0.405,0.058,0.067
F_2,F_0,sex,age,0.1,81.544,81.257,0.0027562766463861132,0.0027562766463861132,0.9846268409313276,0.0013413718084812338,0.9975985439741488,0.03692649998964191,0.0019174377332733087,0.021023967622389783,1.167,18.743,0.018716127356340845,13.706585225193294,0.143,0.138,0.414,0.396,0.058,0.057
F_2,F_1,sex,race,0.1,81.544,81.431,0.0015971174733860893,0.0015971174733860893,0.9047359804507056,0.00150967195071274,0.9976107992441253,0.03462638445167743,0.0016338520416937226,0.019295869491807807,0.972,18.569,0.016218026635606096,53.99148416611125,0.143,0.139,0.414,0.402,0.058,0.056
F_2,F_3,sex,capital-gain,0.1,81.544,78.237,0.017035099918804142,0.017035099918804142,1.9974224092216795,0.0044743567506153065,0.9977354305850583,0.0942750943166148,0.00711673286824517,0.04179889288851604,5.149,21.763,0.049691576288070305,5.222909210735059,0.143,0.178,0.414,0.418,0.058,0.103
F_2,F_4,sex,capital-loss,0.1,81.544,79.496,0.1248563661183607,0.1248563661183607,1.6405625410248827,0.002983030829655127,0.9977395503054657,0.06193139006594511,0.00490524743294866,0.03459971699380672,3.399,20.504,0.03604348114119627,6.036251040635253,0.143,0.164,0.414,0.414,0.058,0.085
F_2,F_5,sex,hours-per-week,0.1,81.544,81.001,0.014910422365819298,0.014910422365819298,1.1307610517071676,0.0015414376555334614,0.9977196843567564,0.03897223962782848,0.002487348055396506,0.02411942219832596,1.423,18.999,0.022048784805215802,10.284600065588158,0.143,0.144,0.414,0.403,0.058,0.062
F_3,F_0,capital-gain,age,0.1,81.544,77.869,0.00909175453388178,0.00909175453388178,2.085549397941448,0.004407060803178037,0.9977304808520678,0.09844453354851895,0.007790910523164288,0.04372539014382572,5.374,22.131,0.05342978454472849,4.9046303521897245,0.143,0.178,0.414,0.409,0.058,0.105
F_3,F_1,capital-gain,race,0.1,81.544,78.288,0.010623018596817024,0.010623018596817024,2.0425243049207666,0.004976799921711559,0.9977300566218725,0.10010843281661284,0.007409752692092478,0.0426437866598121,5.343,21.712,0.05169251196306288,4.627240870718754,0.143,0.182,0.414,0.427,0.058,0.105
F_3,F_2,capital-gain,sex,0.1,81.544,77.807,0.010085574731962144,0.010085574731962144,2.054666316850441,0.004384286705158254,0.9977346990348714,0.09668976927624329,0.007556012238610653,0.043073627610217706,5.272,22.193,0.05206580667462076,4.467513885659569,0.143,0.178,0.414,0.408,0.058,0.105
F_3,F_4,capital-gain,capital-loss,0.1,81.544,78.063,0.1297207804288275,0.1297207804288275,2.1429499779582253,0.0058805588481505725,0.99774066410777,0.11080112869548259,0.00809677617865194,0.044590323533195156,5.896,21.937,0.055830907948788505,4.106334116474994,0.143,0.189,0.414,0.437,0.058,0.111
F_3,F_5,capital-gain,hours-per-week,0.1,81.544,78.176,0.024435482876276504,0.024435482876276504,2.0296782334626604,0.004319136235018735,0.9977399985647434,0.09428644285942815,0.007381333429258148,0.042539762284330464,5.21,21.824,0.05096521186794202,4.999566936221604,0.143,0.177,0.414,0.414,0.058,0.103
F_4,F_0,capital-loss,age,0.1,81.544,79.578,0.12071416650129885,0.12071416650129885,1.698196890201056,0.0031009795835526184,0.9977392152667591,0.06630736766908707,0.005254815877441702,0.03580749668858773,3.521,20.422,0.03809209380081261,7.023808516286447,0.143,0.166,0.414,0.419,0.058,0.086
F_4,F_1,capital-loss,race,0.1,81.544,79.793,0.12566330100544854,0.12566330100544854,1.6860792021625381,0.003358691765333868,0.9977392955968833,0.06854217330479133,0.005149270248981503,0.035454865316400894,3.695,20.207,0.037574388083702025,6.901006425271786,0.143,0.168,0.414,0.429,0.058,0.086
F_4,F_2,capital-loss,sex,0.1,81.544,79.619,0.12379307455542288,0.12379307455542288,1.6510084135460485,0.003051807224157191,0.9977416791591269,0.06329955049074873,0.00496971947171617,0.0348304675033132,3.337,20.381,0.03639905068620314,6.249495283647686,0.143,0.165,0.414,0.418,0.058,0.085
F_4,F_3,capital-loss,capital-gain,0.1,81.544,77.838,0.13717077797708777,0.13717077797708777,2.1088967540565786,0.006022692226654256,0.9977409525756725,0.10970943506096878,0.007823409557694876,0.04381269846800889,5.773,22.162,0.054324017694332045,4.142606997590192,0.143,0.19,0.414,0.434,0.058,0.113
F_4,F_5,capital-loss,hours-per-week,0.1,81.544,79.414,0.1332603449980957,0.1332603449980957,1.6944827552698833,0.0030837810060110873,0.9977413014691964,0.06578795318555879,0.005231396898171981,0.035720960304644556,3.706,20.586,0.03791906163353269,6.615240372816755,0.143,0.165,0.414,0.415,0.058,0.087
F_5,F_0,hours-per-week,age,0.1,81.544,80.326,0.01847345275457979,0.01847345275457979,1.3818598571537413,0.001588833267012165,0.9976971093092266,0.0413770778460937,0.003621014033121084,0.029426748767695774,2.262,19.674,0.02898297585465654,7.702366420724611,0.143,0.148,0.414,0.399,0.058,0.069
F_5,F_1,hours-per-week,race,0.1,81.544,80.755,0.016866455088645482,0.016866455088645482,1.2191552137345907,0.0017465554324931486,0.9977228795385221,0.03439296763198539,0.0028170832488178445,0.02593099389245248,1.935,19.245,0.023810257213225175,10.157723708793473,0.143,0.148,0.414,0.408,0.058,0.067
F_5,F_2,hours-per-week,sex,0.1,81.544,80.878,0.014009808615200403,0.014009808615200403,1.2095986759443371,0.001477885522421873,0.9977151219530007,0.03720315663289372,0.0028001659748454035,0.025783380616659905,1.709,19.122,0.024264445365271566,10.000221665397248,0.143,0.146,0.414,0.406,0.058,0.065
F_5,F_3,hours-per-week,capital-gain,0.1,81.544,77.93,0.024156020121267385,0.024156020121267385,2.0873284454608836,0.004593933558370343,0.9977376178188291,0.0996838592905109,0.0077851748199767555,0.043718876054919004,5.456,22.07,0.053496787742490004,4.9393583596714405,0.143,0.179,0.414,0.414,0.058,0.106
F_5,F_4,hours-per-week,capital-loss,0.1,81.544,79.599,0.13172739054958438,0.13172739054958438,1.6606941658833958,0.0030239527042391617,0.9977395764763808,0.06316664001583366,0.0050382892328356445,0.03502319173631221,3.665,20.401,0.03666392104018913,6.780913992212858,0.143,0.164,0.414,0.417,0.058,0.085
F_0,F_1,age,race,0.3,81.544,80.602,0.025653076035266897,0.025653076035266897,1.8098118498000313,0.0037144119993606146,0.9966180718068226,0.10961543062814716,0.006380416412411685,0.03850763995436575,3.828,19.398,0.060561186983278906,13.024190616417819,0.143,0.134,0.414,0.376,0.058,0.059
F_0,F_2,age,sex,0.3,81.544,80.551,0.019841345283982625,0.019841345283982625,1.7628204476570513,0.003981850590855752,0.996516486579434,0.11085763481332127,0.006027399930246866,0.037416022770730695,3.654,19.449,0.05887447080046628,16.28064485257461,0.143,0.128,0.414,0.36,0.058,0.054
F_0,F_3,age,capital-gain,0.3,81.544,70.724,0.05278292955692121,0.05278292955692121,3.645108307152982,0.013588118103060244,0.9970327949483457,0.25685813045572836,0.023067509429979458,0.07532001114643797,16.45,29.276,0.16333390079503415,4.710024394338296,0.143,0.25,0.414,0.411,0.058,0.2
F_0,F_4,age,capital-loss,0.3,81.544,75.177,0.28012528848201845,0.28012528848201845,2.9327282949431748,0.009203498229014711,0.9970604468532883,0.18015562162260498,0.015530765009603485,0.06160264019965725,10.564,24.823,0.11394825087683007,6.511746997698188,0.143,0.208,0.414,0.415,0.058,0.142
F_0,F_5,age,hours-per-week,0.3,81.544,78.145,0.07710340176301045,0.07710340176301045,2.3699953430468637,0.004756115867692007,0.9969159686740889,0.12433547079812642,0.0106737871466657,0.05049915677774866,6.449,21.855,0.08609160234943469,8.112265143488937,0.143,0.156,0.414,0.37,0.058,0.089
F_1,F_0,race,age,0.3,81.544,80.684,0.02559717173057452,0.02559717173057452,1.7911020998118534,0.00350278763575233,0.9966353771412264,0.10517640817728216,0.006232901498837336,0.038132184057973355,3.931,19.316,0.05958899138567594,13.895810201025249,0.143,0.135,0.414,0.379,0.058,0.059
F_1,F_2,race,sex,0.3,81.544,81.4,0.015591245613916671,0.015591245613916671,1.5917650830311307,0.004514529419715829,0.9967483838795249,0.10189419097073958,0.0049259940067364815,0.03362068299412345,3.03,18.6,0.04985834272320038,37.66911661838759,0.143,0.13,0.414,0.383,0.058,0.05
F_1,F_3,race,capital-gain,0.3,81.544,71.062,0.05488805270031771,0.05488805270031771,3.521916604662966,0.014448991535422175,0.9970123324554766,0.24841634687098801,0.021218939092653176,0.07225631509495255,15.948,28.938,0.15436893432710844,9.98011806872054,0.143,0.257,0.414,0.432,0.058,0.202
F_1,F_4,race,capital-loss,0.3,81.544,75.596,0.28227487003655294,0.28227487003655294,2.9417228131251476,0.010074894657703153,0.9970534847377582,0.18630382458096262,0.015413959121085678,0.061428435959996,10.943,24.404,0.11458617427806819,6.267572549048995,0.143,0.218,0.414,0.446,0.058,0.147
F_1,F_5,race,hours-per-week,0.3,81.544,79.947,0.07632234109148206,0.07632234109148206,2.0722888014717573,0.005110489824069314,0.996987988764203,0.10549851418054537,0.008138483494226096,0.04405856492349819,5.548,20.053,0.0704199908140991,10.16149381864108,0.143,0.156,0.414,0.406,0.058,0.077
F_2,F_0,sex,age,0.3,81.544,80.755,0.019930326301375922,0.019930326301375922,1.7408877114876804,0.00417525997604318,0.9964966008205292,0.11204351674652376,0.005913737141399661,0.036944168030276905,3.593,19.245,0.05863511430897992,14.920260361395915,0.143,0.127,0.414,0.364,0.058,0.053
F_2,F_1,sex,race,0.3,81.544,81.349,0.01577797189921326,0.01577797189921326,1.6113970100333614,0.004466130693413993,0.9967590308909398,0.10290727915714158,0.0050521925539566415,0.034060794298430244,3.04,18.651,0.05086784112008334,34.01439712827094,0.143,0.13,0.414,0.382,0.058,0.051
F_2,F_3,sex,capital-gain,0.3,81.544,71.215,0.054039524446692355,0.054039524446692355,3.547152042136262,0.013700269254427152,0.9970329821538746,0.24852918409738584,0.021714732221899936,0.07309265363468262,15.959,28.785,0.15600832449556754,4.507387822439389,0.143,0.251,0.414,0.423,0.058,0.197
F_2,F_4,sex,capital-loss,0.3,81.544,75.862,0.27841493940549233,0.27841493940549233,2.8825933385154796,0.009328622698160483,0.9970610594993018,0.17744338503579152,0.014944863243107677,0.06045909237326979,10.329,24.138,0.11103043199862477,5.894521748464622,0.143,0.21,0.414,0.434,0.058,0.139
F_2,F_5,sex,hours-per-week,0.3,81.544,80.151,0.0693421561861014,0.0693421561861014,1.967247313566126,0.0045769991371450965,0.9969524913864396,0.11290387447376579,0.007419107806364627,0.041837562567266603,4.484,19.849,0.0668177397201788,12.655901969970438,0.143,0.145,0.414,0.389,0.058,0.069
F_3,F_0,capital-gain,age,0.3,81.544,70.724,0.05356007348390601,0.05356007348390601,3.624151175909116,0.013844276845421435,0.9970282018878959,0.255415306038215,0.022720880439103953,0.07476218566996931,16.266,29.276,0.16172499603638976,4.31716300307084,0.143,0.253,0.414,0.416,0.058,0.201
F_3,F_1,capital-gain,race,0.3,81.544,70.888,0.04858636799073868,0.04858636799073868,3.546497083094791,0.014388595058219336,0.9970182039882979,0.25060723766494664,0.021547555177009136,0.07283731633163733,15.877,29.112,0.15621873863501118,11.862859374123826,0.143,0.257,0.414,0.428,0.058,0.203
F_3,F_2,capital-gain,sex,0.3,81.544,71.133,0.04234471754587277,0.04234471754587277,3.543137715640892,0.013947458974307476,0.9970315351053555,0.24874750606877513,0.021614370354325358,0.07292091084686127,15.959,28.867,0.1556661243944603,4.546884318434281,0.143,0.253,0.414,0.426,0.058,0.199
F_3,F_4,capital-gain,capital-loss,0.3,81.544,70.99,0.2889336845246464,0.2889336845246464,3.602160347871764,0.016671448398172133,0.9970660529543283,0.2586410275301989,0.02176279523236541,0.07316892728492821,16.573,29.01,0.1596591710718129,4.225954519481398,0.143,0.274,0.414,0.467,0.058,0.214
F_3,F_5,capital-gain,hours-per-week,0.3,81.544,71.174,0.09921362926737465,0.09921362926737465,3.5709888989474186,0.01365379907993313,0.9970502656252733,0.24998312788330157,0.02208930971922866,0.07368107391786675,16.143,28.826,0.15756643676880405,4.6842578171770075,0.143,0.251,0.414,0.421,0.058,0.197
F_4,F_0,capital-loss,age,0.3,81.544,75.627,0.2839975773861747,0.2839975773861747,2.9760416925634163,0.009339440056133585,0.9970597055100046,0.18452196411283478,0.015966417519402414,0.062479840695921274,10.994,24.373,0.1166289815243501,6.413641773106332,0.143,0.21,0.414,0.429,0.058,0.141
F_4,F_1,capital-loss,race,0.3,81.544,75.34,0.2840429183758909,0.2840429183758909,2.9758104367427882,0.010528002671088159,0.9970454371284796,0.1912977392899578,0.015678916005586407,0.06197632067779919,11.465,24.66,0.11677771613787571,6.198745368626563,0.143,0.223,0.414,0.451,0.058,0.151
F_4,F_2,capital-loss,sex,0.3,81.544,75.832,0.28080643632382507,0.28080643632382507,2.9109471847755852,0.009416634475631765,0.9970641997237293,0.18005260490728267,0.015218719259201496,0.061021417824128774,10.421,24.168,0.11274951343011877,5.84482168991667,0.143,0.211,0.414,0.435,0.058,0.14
F_4,F_3,capital-loss,capital-gain,0.3,81.544,70.529,0.2892401972643839,0.2892401972643839,3.6455563618928584,0.016752869060194256,0.9970660465550921,0.2626308871775969,0.022317612572906646,0.0740995131445004,16.849,29.471,0.16290968288160193,4.383259759599499,0.143,0.275,0.414,0.459,0.058,0.217
F_4,F_5,capital-loss,hours-per-week,0.3,81.544,75.566,0.31108215213244383,0.31108215213244383,2.942471385469258,0.009581091868343014,0.997067274088143,0.1832179008427926,0.015551831822284664,0.06164840282461738,11.26,24.434,0.11446677917727896,6.436317461412462,0.143,0.212,0.414,0.433,0.058,0.143
F_5,F_0,hours-per-week,age,0.3,81.544,78.125,0.0771581989693918,0.0771581989693918,2.4275808764910605,0.005078408769947157,0.9969278802421574,0.12335094952400755,0.011131026091289164,0.05167528695503849,6.981,21.875,0.0883323766931858,8.70236655030712,0.143,0.161,0.414,0.38,0.058,0.093
F_5,F_1,hours-per-week,race,0.3,81.544,79.476,0.07560347766677367,0.07560347766677367,2.0669553515663397,0.005227660829794593,0.9969969193633632,0.10330606593240761,0.008075895554379271,0.043925430314261396,5.548,20.524,0.06956466237509355,10.609860465613238,0.143,0.157,0.414,0.4,0.058,0.081
F_5,F_2,hours-per-week,sex,0.3,81.544,80.039,0.07121609285088903,0.07121609285088903,2.0047082186509795,0.004606079325413598,0.9969447838678123,0.11164500772505279,0.007697902409815444,0.04266800760656277,4.617,19.961,0.06855156341524636,11.459274503811777,0.143,0.148,0.414,0.391,0.058,0.071
F_5,F_3,hours-per-week,capital-gain,0.3,81.544,71.092,0.10617844550410027,0.10617844550410027,3.5252013296534193,0.013799526395117508,0.9970533172351864,0.24610305858816156,0.02146369819943566,0.07262430328367775,15.938,28.908,0.15421522856363737,5.187437281964982,0.143,0.252,0.414,0.422,0.058,0.198
F_5,F_4,hours-per-week,capital-loss,0.3,81.544,75.883,0.30890502569603706,0.30890502569603706,2.876527058915218,0.009421123292300965,0.9970660615612092,0.17755773114758794,0.014879781709028345,0.06028139817127909,10.697,24.117,0.11060028870553805,6.281154331019005,0.143,0.21,0.414,0.436,0.058,0.14
F_0,F_1,age,race,0.5,81.544,80.141,0.06432578331754812,0.06432578331754812,2.333528081519166,0.006055303007329583,0.9949369890893913,0.1769879861577912,0.01044822942614717,0.049436990103288725,6.377,19.859,0.10034457072340258,13.93983828543429,0.143,0.128,0.414,0.353,0.058,0.057
F_0,F_2,age,sex,0.5,81.544,80.633,0.05064721954759388,0.05064721954759388,2.2403208542717543,0.00724364724937944,0.9944001667174034,0.18395136025150902,0.00961319460657675,0.04716109360820722,5.886,19.367,0.0982630793476885,16.25148847348192,0.143,0.115,0.414,0.335,0.058,0.045
F_0,F_3,age,capital-gain,0.5,81.544,63.589,0.10342912580199648,0.10342912580199648,4.706144876870141,0.023280590949303508,0.9957468972358625,0.37502743796635785,0.037047562507063835,0.09554943964532109,27.454,36.411,0.27221248252398283,4.715910412631051,0.143,0.327,0.414,0.423,0.058,0.297
F_0,F_4,age,capital-loss,0.5,81.544,71.41,0.38474438395405075,0.38474438395405075,3.81162730142844,0.015014418837049057,0.9958266406110766,0.2801479100921481,0.026022026224878106,0.079837476760169,17.709,28.59,0.19237825086239868,6.574968190611292,0.143,0.247,0.414,0.418,0.058,0.193
F_0,F_5,age,hours-per-week,0.5,81.544,75.862,0.138323653385927,0.138323653385927,3.153585646509189,0.008682444015110688,0.9954676982576238,0.20349047874733425,0.018704247489966824,0.06710141132689926,11.557,24.138,0.14815721420154185,8.186003096390435,0.143,0.175,0.414,0.361,0.058,0.116
F_1,F_0,race,age,0.5,81.544,80.059,0.06321136917699266,0.06321136917699266,2.3519819616917865,0.0061211271695363985,0.9949230615605039,0.1804800075432702,0.0105746651586385,0.04977633453219937,6.48,19.941,0.10162124648163331,13.51082996791995,0.143,0.127,0.414,0.348,0.058,0.057
F_1,F_2,race,sex,0.5,81.544,81.257,0.051741185229240316,0.051741185229240316,2.0673738235656116,0.007442067209381882,0.9954485403755611,0.16605512918062604,0.008097218547776962,0.04325139839493268,4.975,18.743,0.08421320155270082,34.613087899246125,0.143,0.121,0.414,0.361,0.058,0.045
F_1,F_3,race,capital-gain,0.5,81.544,64.623,0.11355562195711921,0.11355562195711921,4.536582746993302,0.0236995434084792,0.9957358175390056,0.3565363330817036,0.03395342745583384,0.09150176138963437,26.441,35.377,0.25609557152964463,11.183532773334218,0.143,0.33,0.414,0.45,0.058,0.292
F_1,F_4,race,capital-loss,0.5,81.544,71.502,0.38666253666015094,0.38666253666015094,3.7930068708822384,0.017027750998824896,0.9958254799322906,0.2814887269425257,0.025099161191435862,0.07847632275383384,18.354,28.498,0.19091035289046587,6.404693659746308,0.143,0.271,0.414,0.47,0.058,0.208
F_1,F_5,race,hours-per-week,0.5,81.544,78.79,0.1402875138293027,0.1402875138293027,2.73402532793385,0.008858344652448159,0.9956487390159597,0.1765791178040933,0.014086734079537599,0.058085111160386754,9.571,21.21,0.1208862974297925,13.88586402930245,0.143,0.169,0.414,0.41,0.058,0.093
F_2,F_0,sex,age,0.5,81.544,80.244,0.05162499075093663,0.05162499075093663,2.2948213016328682,0.006707730259835129,0.9944818961095309,0.1843338402129391,0.010109129826104011,0.04845445342274656,6.173,19.756,0.1010020557472211,13.006336761564906,0.143,0.119,0.414,0.336,0.058,0.051
F_2,F_1,sex,race,0.5,81.544,81.298,0.05198200555404431,0.05198200555404431,2.0703185793488608,0.007442906337028168,0.9954647551891694,0.1665803677852739,0.00811594675906268,0.04330509521251107,5.016,18.702,0.0845100914579141,32.20930226705186,0.143,0.121,0.414,0.362,0.058,0.045
F_2,F_3,sex,capital-gain,0.5,81.544,64.817,0.09716377079954608,0.09716377079954608,4.528719585725231,0.022202473866694876,0.9957729044471486,0.3561358818478021,0.03436213726010674,0.09206119292328907,25.53,35.183,0.2553028184004657,5.050651506519516,0.143,0.318,0.414,0.429,0.058,0.283
F_2,F_4,sex,capital-loss,0.5,81.544,71.338,0.38549363840690154,0.38549363840690154,3.7738451438264295,0.015831576452660368,0.9958274045283387,0.278391697360297,0.02523421076971752,0.07863538371069853,17.678,28.662,0.1893476159851796,6.097589302199371,0.143,0.257,0.414,0.438,0.058,0.2
F_2,F_5,sex,hours-per-week,0.5,81.544,79.322,0.12601006604078469,0.12601006604078469,2.5904361124087125,0.007805725146999612,0.9955708710365305,0.18504057843480987,0.012715442768995732,0.0549892957699374,7.647,20.678,0.11422300288991945,11.957978042752533,0.143,0.15,0.414,0.381,0.058,0.077
F_3,F_0,capital-gain,age,0.5,81.544,64.111,0.10968601814087398,0.10968601814087398,4.638430613212041,0.022303003608032147,0.9957468052802024,0.36725156528334596,0.03625595871695371,0.09451716634472013,26.973,35.889,0.2657294275125897,4.651192326208349,0.143,0.319,0.414,0.417,0.058,0.288
F_3,F_1,capital-gain,race,0.5,81.544,64.346,0.11527756453319593,0.11527756453319593,4.536702779385394,0.02344060167187729,0.9957494897330414,0.3564859873487289,0.034071064802716836,0.09165421281365,26.226,35.654,0.2560637123942891,8.073576042265234,0.143,0.328,0.414,0.44,0.058,0.293
F_3,F_2,capital-gain,sex,0.5,81.544,65.257,0.10431501444478442,0.10431501444478442,4.5092931111796775,0.02238825387521001,0.9957803472145801,0.3536024235058128,0.03398782423001685,0.09154627781209929,25.97,34.743,0.2535748337401705,4.952336015688811,0.143,0.32,0.414,0.442,0.058,0.281
F_3,F_4,capital-gain,capital-loss,0.5,81.544,63.374,0.41046559789348447,0.41046559789348447,4.722997751224261,0.02786478704310811,0.9958462328519446,0.37555051805232964,0.0355259505138904,0.09360933647424002,28.672,36.626,0.2733296464820099,4.184680826988881,0.143,0.362,0.414,0.492,0.058,0.322
F_3,F_5,capital-gain,hours-per-week,0.5,81.544,64.95,0.17553945416302486,0.17553945416302486,4.583076362759387,0.022795516337557678,0.9958163787199212,0.36028905923226673,0.03517531056907935,0.09307722830055379,26.83,35.05,0.2600830361097599,5.194405656855747,0.143,0.323,0.414,0.442,0.058,0.285
F_4,F_0,capital-loss,age,0.5,81.544,71.358,0.3861027741686288,0.3861027741686288,3.8243542126101193,0.015161251202797162,0.9958140639266383,0.28217458692842695,0.02616487233880395,0.08004956451553025,18.067,28.642,0.19337864029377314,6.26847953594112,0.143,0.249,0.414,0.421,0.058,0.194
F_4,F_1,capital-loss,race,0.5,81.544,70.99,0.3870772262017623,0.3870772262017623,3.8096917591724626,0.01753348511803957,0.9958047989886373,0.28415872627697386,0.02518390893731694,0.07860943382858841,18.702,29.01,0.19222986807569142,6.418098732812355,0.143,0.276,0.414,0.47,0.058,0.215
F_4,F_2,capital-loss,sex,0.5,81.544,71.778,0.3829013943282351,0.3829013943282351,3.761388518225922,0.015565606541066064,0.9958284748188622,0.2764798772729343,0.025126869287232706,0.07847935608738288,17.607,28.222,0.18843802585922717,6.351891364529497,0.143,0.254,0.414,0.441,0.058,0.195
F_4,F_3,capital-loss,capital-gain,0.5,81.544,63.384,0.4051464149388123,0.4051464149388123,4.716752625430972,0.02791556581222837,0.9958435748408587,0.37553189654384467,0.035405294752402436,0.093445873470311,28.457,36.616,0.2726921193422377,4.283150968043537,0.143,0.363,0.414,0.493,0.058,0.322
F_4,F_5,capital-loss,hours-per-week,0.5,81.544,71.686,0.4238744708692812,0.4238744708692812,3.7739008258085303,0.015749580528445474,0.9958428248633558,0.2778491092865501,0.02528789125200696,0.07868342551483526,18.334,28.314,0.18909447077799654,6.933615881324407,0.143,0.256,0.414,0.443,0.058,0.197
F_5,F_0,hours-per-week,age,0.5,81.544,76.2,0.13483076105176828,0.13483076105176828,3.124843245051361,0.00830602087044205,0.9954728040526485,0.20765549775486986,0.018404916755487576,0.06652817866449218,11.403,23.8,0.14764614958257063,8.333480956911941,0.143,0.17,0.414,0.358,0.058,0.111
F_5,F_1,hours-per-week,race,0.5,81.544,78.401,0.1404440574993564,0.1404440574993564,2.757220041384244,0.008836788904156886,0.9956269495181083,0.17417215296705907,0.01428009262026848,0.05855745460021264,9.817,21.599,0.12218784321747628,11.892963298609157,0.143,0.171,0.414,0.406,0.058,0.097
F_5,F_2,hours-per-week,sex,0.5,81.544,79.169,0.1289402703505832,0.1289402703505832,2.6037642551785307,0.007885385330078341,0.9955954724848072,0.19032910613842377,0.012866848868696278,0.055248921827183356,7.432,20.831,0.11551085916412598,10.240534751189777,0.143,0.148,0.414,0.373,0.058,0.077
F_5,F_3,hours-per-week,capital-gain,0.5,81.544,64.592,0.17791730580468046,0.17791730580468046,4.556170336967317,0.02320126687068434,0.9958282886551735,0.3584330641416048,0.03457259359334724,0.09228385160147418,26.533,35.408,0.25753091139058387,5.106369362312356,0.143,0.326,0.414,0.441,0.058,0.29
F_5,F_4,hours-per-week,capital-loss,0.5,81.544,71.102,0.426612711685721,0.426612711685721,3.814464232083954,0.016085426287160094,0.995844381877924,0.2823122662782722,0.025757858934440075,0.07941528061021245,18.835,28.898,0.19224701695339555,6.4517925616655285,0.143,0.26,0.414,0.439,0.058,0.203
F_0,F_1,age,race,0.7,81.544,79.691,0.12796555527913422,0.12796555527913422,2.7633424859914815,0.008367890743154626,0.9910716064393563,0.23971079838177392,0.014435299492819154,0.05833815340442543,8.916,20.309,0.1405780838494877,13.403087309970005,0.143,0.126,0.414,0.34,0.058,0.059
F_0,F_2,age,sex,0.7,81.544,79.844,0.09883713748907386,0.09883713748907386,2.695064842880558,0.009859710537927318,0.9898667701703823,0.25019111687443585,0.013611566147216715,0.05637773049079055,8.189,20.156,0.13896104822602684,15.139544868208414,0.143,0.107,0.414,0.302,0.058,0.045
F_0,F_3,age,capital-gain,0.7,81.544,57.293,0.16432990032921757,0.16432990032921757,5.497025435446778,0.03231685342169923,0.9928233079256696,0.4600629133770045,0.048688984515683306,0.10969706259190337,37.865,42.707,0.37280777505327073,4.683968958483133,0.143,0.401,0.414,0.445,0.058,0.387
F_0,F_4,age,capital-loss,0.7,81.544,67.417,0.5076898615873001,0.5076898615873001,4.538537577272245,0.021745977332402865,0.9930733160742178,0.37055332639471483,0.03623233693218301,0.0943251336350995,25.386,32.583,0.2718467350311539,6.5898507036287635,0.143,0.299,0.414,0.445,0.058,0.254
F_0,F_5,age,hours-per-week,0.7,81.544,74.153,0.1908932806303174,0.1908932806303174,3.6520307580144893,0.011531271557229276,0.9920283440344504,0.28564978584166967,0.02505773507708273,0.0777327628470657,15.314,25.847,0.20204252750388535,8.605816498078042,0.143,0.18,0.414,0.335,0.058,0.131
F_1,F_0,race,age,0.7,81.544,79.384,0.1284808448609046,0.1284808448609046,2.7860280914866307,0.008504423225421682,0.9911694842245969,0.24203916737553716,0.014619518938790092,0.058771424629431426,9.059,20.616,0.1416445864188837,14.30493165388727,0.143,0.127,0.414,0.334,0.058,0.061
F_1,F_2,race,sex,0.7,81.544,81.165,0.12771847601046138,0.12771847601046138,2.450111095807266,0.010570038680765222,0.9934232179309175,0.22621581609719613,0.011003477045013815,0.05064833777832078,6.869,18.835,0.11815416627786805,30.199776471406473,0.143,0.114,0.414,0.344,0.058,0.041
F_1,F_3,race,capital-gain,0.7,81.544,58.164,0.19749636644703417,0.19749636644703417,5.342555530700437,0.032689392653934016,0.9929295645685873,0.44146938325406787,0.04536322920261139,0.10592032911001223,36.626,41.836,0.3556220819106847,7.394734957302401,0.143,0.403,0.414,0.467,0.058,0.382
F_1,F_4,race,capital-loss,0.7,81.544,67.325,0.5159394497088583,0.5159394497088583,4.494199780064058,0.024214110736643125,0.9929963171261,0.3607044242805883,0.034356388624898544,0.0919427390058774,25.847,32.675,0.267803327645525,6.2992423099535175,0.143,0.328,0.414,0.503,0.058,0.273
F_1,F_5,race,hours-per-week,0.7,81.544,77.408,0.22125520941154941,0.22125520941154941,3.210453796941515,0.01225420274290558,0.9926115178603849,0.24342295734319344,0.01929294335679732,0.06813036299484596,13.082,22.592,0.1672477094217619,11.620156610904909,0.143,0.18,0.414,0.404,0.058,0.109
F_2,F_0,sex,age,0.7,81.544,80.018,0.09707468838067856,0.09707468838067856,2.6649394284934695,0.009720937350614235,0.9899046851123937,0.24685356551203833,0.013358128233244018,0.05577474095120814,7.995,19.982,0.13713228541438677,15.647078774482043,0.143,0.109,0.414,0.31,0.058,0.045
F_2,F_1,sex,race,0.7,81.544,81.196,0.12820637024131998,0.12820637024131998,2.458119152722424,0.01047599760766213,0.9934831138893799,0.22563132858747337,0.011081499286217992,0.050859493296748465,6.94,18.804,0.11826555880832555,38.46042648289689,0.143,0.114,0.414,0.346,0.058,0.041
F_2,F_3,sex,capital-gain,0.7,81.544,57.969,0.18154651513776265,0.18154651513776265,5.353134435458584,0.031611947976457874,0.992910202124327,0.4456330999795737,0.04610380347719587,0.10676908072391522,36.35,42.031,0.35667020212946904,5.157535905716269,0.143,0.394,0.414,0.446,0.058,0.378
F_2,F_4,sex,capital-loss,0.7,81.544,67.97,0.5144219805991819,0.5144219805991819,4.461581476182827,0.02196808449136396,0.9930428855478703,0.3611447307490394,0.03480084881921684,0.09246270673123969,24.977,32.03,0.2647506979445102,6.209020032545292,0.143,0.303,0.414,0.463,0.058,0.252
F_2,F_5,sex,hours-per-week,0.7,81.544,78.514,0.19077923986825296,0.19077923986825296,3.037441065905706,0.010663271115718232,0.9923253366892293,0.2597563499988849,0.017354105956329496,0.06429322039160576,10.257,21.486,0.1594017757559027,10.911588407932802,0.143,0.149,0.414,0.363,0.058,0.082
F_3,F_0,capital-gain,age,0.7,81.544,56.73,0.16215881395197296,0.16215881395197296,5.534186331015495,0.03300641498023513,0.9928938329776366,0.4636442830689441,0.04906584388651827,0.11013646793090168,38.612,43.27,0.37717902943713577,4.653373129115676,0.143,0.406,0.414,0.444,0.058,0.394
F_3,F_1,capital-gain,race,0.7,81.544,58.307,0.1849376826941781,0.1849376826941781,5.3625565504625285,0.03287467787227342,0.9928969582601817,0.4444612918680398,0.045634529497984265,0.10624195228421915,36.749,41.693,0.3579086720975873,9.250338081899377,0.143,0.404,0.414,0.473,0.058,0.382
F_3,F_2,capital-gain,sex,0.7,81.544,58.634,0.16022421479312088,0.16022421479312088,5.32565575801449,0.03157726693528295,0.9929965049774111,0.4405038920888281,0.04560503454137385,0.10619940664952496,36.176,41.366,0.3535004617627182,5.1210097492492626,0.143,0.394,0.414,0.459,0.058,0.373
F_3,F_4,capital-gain,capital-loss,0.7,81.544,55.799,0.5308514475061927,0.5308514475061927,5.5915478072808185,0.040459797312808445,0.9931115540572228,0.4631895834599854,0.04607596813074398,0.10684942068899583,40.137,44.201,0.38317005878423716,3.882281907704801,0.143,0.462,0.414,0.542,0.058,0.437
F_3,F_5,capital-gain,hours-per-week,0.7,81.544,57.703,0.2547585754368563,0.2547585754368563,5.440166653846102,0.03281156918855897,0.9930088231812945,0.45300122631991646,0.04734651978532696,0.10815791318919729,37.599,42.297,0.3662991761458125,4.844426801184265,0.143,0.403,0.414,0.459,0.058,0.386
F_4,F_0,capital-loss,age,0.7,81.544,67.325,0.5062086994707506,0.5062086994707506,4.530650621244124,0.02119257831269671,0.993055355219565,0.3704593593175631,0.03633204573336496,0.09443328820096539,24.987,32.675,0.271164161469319,6.5226280354042325,0.143,0.292,0.414,0.428,0.058,0.25
F_4,F_1,capital-loss,race,0.7,81.544,67.028,0.5162333422907535,0.5162333422907535,4.5118110992748175,0.02414627067194114,0.9929832069921859,0.3633009450094068,0.03468939335352994,0.0923788297408769,26.226,32.972,0.26953454657282505,6.4567459897232045,0.143,0.327,0.414,0.495,0.058,0.275
F_4,F_2,capital-loss,sex,0.7,81.544,67.939,0.5145228867604734,0.5145228867604734,4.45432876211008,0.021814416549899907,0.9930629644680965,0.36071131505826726,0.03476500303950365,0.09240686187862221,24.742,32.061,0.2640942321893954,6.240038461177803,0.143,0.301,0.414,0.458,0.058,0.251
F_4,F_3,capital-loss,capital-gain,0.7,81.544,56.045,0.5324752673608687,0.5324752673608687,5.578381130075687,0.039827669789301086,0.9931240331850264,0.4624221727426425,0.04619602231502384,0.10696981242328858,40.014,43.955,0.3814947750965483,4.2108630360274,0.143,0.458,0.414,0.538,0.058,0.432
F_4,F_5,capital-loss,hours-per-week,0.7,81.544,67.95,0.5483135120808673,0.5483135120808673,4.506115806398187,0.022078064105301602,0.9931077759731821,0.36565322539168604,0.03556561899683218,0.09341932139294352,26.123,32.05,0.26837179683754975,6.785444287152993,0.143,0.304,0.414,0.464,0.058,0.253
F_5,F_0,hours-per-week,age,0.7,81.544,73.672,0.19154476801953102,0.19154476801953102,3.7058142628640063,0.011985167737350574,0.9920484196799734,0.28863957091762993,0.02581021217990831,0.07888930127058182,15.733,26.328,0.20697598107777748,8.183372262394943,0.143,0.186,0.414,0.339,0.058,0.138
F_5,F_1,hours-per-week,race,0.7,81.544,76.907,0.21931725347408904,0.21931725347408904,3.2737919570495677,0.012870771848513353,0.9925567358751559,0.24382947851612638,0.020002148223661698,0.06944973417949797,13.789,23.093,0.17164521975458757,11.422941274556484,0.143,0.188,0.414,0.41,0.058,0.118
F_5,F_2,hours-per-week,sex,0.7,81.544,78.258,0.19235794740580692,0.19235794740580692,3.0421812532576142,0.010904862492551883,0.9924096287511289,0.2571416080531937,0.0174084188562197,0.06441761674767979,10.39,21.742,0.15906601789101737,10.80395917222912,0.143,0.153,0.414,0.365,0.058,0.086
F_5,F_3,hours-per-week,capital-gain,0.7,81.544,57.662,0.23700569409037453,0.23700569409037453,5.429967048008011,0.03284926358052699,0.9930087709983034,0.45133198057819535,0.04711798262815957,0.10789382224051303,37.189,42.338,0.36499478700672966,5.0137815094628095,0.143,0.404,0.414,0.459,0.058,0.386
F_5,F_4,hours-per-week,capital-loss,0.7,81.544,68.308,0.5487316684348899,0.5487316684348899,4.4981486203842245,0.02222821000316676,0.993100024905317,0.36561415511456474,0.03537998708037035,0.09317372509698124,25.827,31.692,0.26776559325860066,6.60222573056372,0.143,0.305,0.414,0.476,0.058,0.252
F_0,F_1,age,race,0.1,82.219,81.984,0.0036914138727671686,0.0036914138727671686,1.0965646576105208,0.0010384230275531112,0.9976983317649698,0.037120402954632745,0.002326067318339488,0.023384423582281266,1.361,18.016,0.02095887045027171,18.017933575591737,0.136,0.134,0.412,0.404,0.049,0.049
F_0,F_2,age,sex,0.1,82.219,81.871,0.002786803000072391,0.002786803000072391,1.124428889215601,0.0011375208825427268,0.9976888048242483,0.039319726812519905,0.002436582269693929,0.02396589998056623,1.31,18.129,0.021932036620712202,13.317566712329544,0.136,0.132,0.412,0.397,0.049,0.049
F_0,F_3,age,capital-gain,0.1,82.219,78.626,0.01418661414024136,0.01418661414024136,2.1113787208477115,0.004424123335690961,0.9978229804474514,0.09982003907207711,0.007986885570214397,0.04428293937859026,5.436,21.374,0.05432141400031284,5.475670557874402,0.136,0.171,0.412,0.41,0.049,0.095
F_0,F_4,age,capital-loss,0.1,82.219,79.988,0.1256526556045412,0.1256526556045412,1.7418998270544985,0.0029847290962183312,0.9978240874326928,0.06739353992723524,0.005532570098732442,0.03675042232320118,3.787,20.012,0.039512862027383605,8.501501314355725,0.136,0.157,0.412,0.411,0.049,0.078
F_0,F_5,age,hours-per-week,0.1,82.219,81.349,0.017383734061384604,0.017383734061384604,1.3155970836928237,0.0013590650973308764,0.9977976740736337,0.041976260227878856,0.0032970121920593764,0.0280227594042537,2.017,18.651,0.027027353998706802,10.096190392344115,0.136,0.138,0.412,0.399,0.049,0.056
F_1,F_0,race,age,0.1,82.219,81.861,0.0037800042271463052,0.0037800042271463052,1.1238912341992136,0.0012157173682721077,0.9976926103026553,0.03940874903035597,0.0024197377647471215,0.023921024764844243,1.361,18.139,0.021383844678860398,16.4111429664694,0.136,0.133,0.412,0.398,0.049,0.049
F_1,F_2,race,sex,0.1,82.219,82.168,0.0017429407789760765,0.0017429407789760765,0.9274942765191081,0.001423965742033645,0.9976930973340645,0.03462409415124266,0.0017002322347965551,0.019771382135974805,0.932,17.832,0.016485642531865442,24.744607089434943,0.136,0.132,0.412,0.403,0.049,0.047
F_1,F_3,race,capital-gain,0.1,82.219,78.79,0.01157253037799244,0.01157253037799244,2.051541719930518,0.004672748899052552,0.9978171326363569,0.0985118089306215,0.007495958479444383,0.04289931004207615,5.354,21.21,0.05184700540433445,6.578094489513138,0.136,0.173,0.412,0.418,0.049,0.096
F_1,F_4,race,capital-loss,0.1,82.219,80.1,0.12531725594386445,0.12531725594386445,1.7059764379207882,0.003145324793730104,0.9978252565124718,0.06761378312587941,0.005283574409385023,0.035951927521571725,3.491,19.9,0.038295649056263245,7.671695483632229,0.136,0.159,0.412,0.417,0.049,0.078
F_1,F_5,race,hours-per-week,0.1,82.219,81.626,0.017131749470285396,0.017131749470285396,1.2776276690931874,0.0018096265801184712,0.9978114986747346,0.035784282834349174,0.003054745750419231,0.027111003694365445,2.109,18.374,0.025204878571750727,13.194595570608495,0.136,0.142,0.412,0.414,0.049,0.057
F_2,F_0,sex,age,0.1,82.219,81.892,0.0029453210571724897,0.0029453210571724897,1.051392099134011,0.0011075653808996565,0.9977010667716338,0.03592347839886907,0.002144646567190112,0.022428629805972884,1.249,18.108,0.01996657840436736,16.82906550917595,0.136,0.133,0.412,0.399,0.049,0.049
F_2,F_1,sex,race,0.1,82.219,82.178,0.0017736767245400964,0.0017736767245400964,0.9281485806578924,0.0014165467001673838,0.997696268140412,0.03452755189322913,0.0017018641648306556,0.019784412814344073,0.921,17.822,0.01643131576474558,24.42615258648938,0.136,0.132,0.412,0.403,0.049,0.046
F_2,F_3,sex,capital-gain,0.1,82.219,79.261,0.009511577140270067,0.009511577140270067,1.9844104199127333,0.004074719017542611,0.9978245760305733,0.09023304955861498,0.007067284143693233,0.04162532396322409,4.924,20.739,0.04890129131275277,7.912124303165182,0.136,0.168,0.412,0.417,0.049,0.089
F_2,F_4,sex,capital-loss,0.1,82.219,80.018,0.12254244604814013,0.12254244604814013,1.7967662271313545,0.003466872161223898,0.9978243033217452,0.07514645033530705,0.005840679014509346,0.037808162163796885,4.002,19.982,0.04155310961997531,7.133223744950499,0.136,0.163,0.412,0.422,0.049,0.081
F_2,F_5,sex,hours-per-week,0.1,82.219,81.564,0.013947445912460443,0.013947445912460443,1.244628470334779,0.0014726097006065417,0.9977977043090865,0.037784935657244265,0.002942097938915517,0.02649260591102774,1.72,18.436,0.024544294820738853,15.921882069164816,0.136,0.139,0.412,0.405,0.049,0.055
F_3,F_0,capital-gain,age,0.1,82.219,78.78,0.013298089271097768,0.013298089271097768,2.0790722201843073,0.0041803027717106575,0.9978229010046009,0.09611012754795871,0.007762580887491511,0.043637178099800764,5.302,21.22,0.05288088451969777,5.736295225841753,0.136,0.169,0.412,0.409,0.049,0.093
F_3,F_1,capital-gain,race,0.1,82.219,79.056,0.013075092219628992,0.013075092219628992,2.020542134685904,0.004622145946750326,0.997810472630994,0.09657096847448438,0.0072707067018972955,0.042241246888030534,5.333,20.944,0.05055009649216369,7.201681362598839,0.136,0.173,0.412,0.423,0.049,0.094
F_3,F_2,capital-gain,sex,0.1,82.219,78.8,0.012320700521057604,0.012320700521057604,2.0643144943082983,0.004555447785187771,0.9978245527682491,0.09810846083143764,0.007609200196058213,0.043222585504625405,5.323,21.2,0.05225723046766797,6.227700198860392,0.136,0.172,0.412,0.416,0.049,0.095
F_3,F_4,capital-gain,capital-loss,0.1,82.219,78.739,0.1359856750103814,0.1359856750103814,2.074673946017446,0.004907754976425394,0.9978273292109509,0.10099389793978322,0.007668263207112538,0.04338734405051784,5.302,21.261,0.052649185122814565,5.054475758481393,0.136,0.175,0.412,0.421,0.049,0.097
F_3,F_5,capital-gain,hours-per-week,0.1,82.219,78.718,0.027712082297789653,0.027712082297789653,2.0637570768364437,0.004586456953357771,0.9978252894940237,0.09836705920501691,0.007605680893577144,0.043208107647436475,5.323,21.282,0.052294617514306134,6.917991666203086,0.136,0.172,0.412,0.415,0.049,0.096
F_4,F_0,capital-loss,age,0.1,82.219,80.059,0.12279825221403007,0.12279825221403007,1.7158215701092865,0.0031519102422357037,0.9978242956373277,0.06783300298276042,0.005352411953195455,0.03616256004758158,3.634,19.941,0.03853966712620589,7.82535193563457,0.136,0.159,0.412,0.416,0.049,0.078
F_4,F_1,capital-loss,race,0.1,82.219,79.937,0.12359119837646748,0.12359119837646748,1.803567784444997,0.003522251019003849,0.9978276593747013,0.07571333719889096,0.005878747501666774,0.03793438807109174,4.002,20.063,0.04171051841368779,7.6439023493244775,0.136,0.163,0.412,0.421,0.049,0.082
F_4,F_2,capital-loss,sex,0.1,82.219,79.937,0.12343248302515974,0.12343248302515974,1.7214793881065305,0.0033873339328996145,0.9978264098903392,0.07052803890632424,0.005362654163561732,0.036218048065763335,3.634,20.063,0.038716521979374696,8.028069604777091,0.136,0.162,0.412,0.418,0.049,0.081
F_4,F_3,capital-loss,capital-gain,0.1,82.219,78.729,0.13060924604187618,0.13060924604187618,2.1196826841646517,0.005405396375017878,0.9978270378799022,0.10660348576574472,0.007956336778030251,0.044208616143211615,5.62,21.271,0.05466154146316823,4.894394313350763,0.136,0.179,0.412,0.429,0.049,0.1
F_4,F_5,capital-loss,hours-per-week,0.1,82.219,79.875,0.13234892482155558,0.13234892482155558,1.77546209560497,0.0031251598443906925,0.9978254062138638,0.0701775404384044,0.005745532926704908,0.037445855461558056,3.859,20.125,0.04062223258700033,8.957232382756251,0.136,0.159,0.412,0.411,0.049,0.079
F_5,F_0,hours-per-week,age,0.1,82.219,81.339,0.0153070462648206,0.0153070462648206,1.3493597718357382,0.00137911335771412,0.9977952604166466,0.041619931050455236,0.003452104609671952,0.028732217821924408,2.129,18.661,0.028155170240773634,11.341384371941535,0.136,0.14,0.412,0.402,0.049,0.057
F_5,F_1,hours-per-week,race,0.1,82.219,81.677,0.01570483448756277,0.01570483448756277,1.3160933178905951,0.0018250776321595348,0.9978066877345516,0.037078042832470307,0.003241404789507046,0.02792920117062779,2.18,18.323,0.026259900772851237,13.738360332148003,0.136,0.143,0.412,0.415,0.049,0.057
F_5,F_2,hours-per-week,sex,0.1,82.219,81.646,0.01540194318652377,0.01540194318652377,1.239615594572281,0.0015501849592871662,0.9978014044432736,0.03722560326131909,0.0029162547576638744,0.02637886071406083,1.72,18.354,0.024535431827705373,14.271330261244263,0.136,0.14,0.412,0.408,0.049,0.055
F_5,F_3,hours-per-week,capital-gain,0.1,82.219,79.077,0.024066838527031398,0.024066838527031398,2.02068529550403,0.004204652162656851,0.9978255382454718,0.0930923337999046,0.007318725706987954,0.042375623949701346,5.108,20.923,0.050373285041874306,7.271676972589027,0.136,0.169,0.412,0.416,0.049,0.091
F_5,F_4,hours-per-week,capital-loss,0.1,82.219,79.844,0.13161400111738208,0.13161400111738208,1.7858121095012243,0.00324772112602995,0.9978280640082778,0.07201141637344977,0.005792465575047923,0.03761939857515447,3.992,20.156,0.041009076987353496,8.807490905819071,0.136,0.16,0.412,0.413,0.049,0.08
F_0,F_1,age,race,0.3,82.219,81.308,0.026138618820302884,0.026138618820302884,1.8365242151460317,0.0032903576859658707,0.9967838249072986,0.10188220002756945,0.00646723885206865,0.039078574187799954,3.818,18.692,0.05989585440466203,15.579144348744649,0.136,0.133,0.412,0.387,0.049,0.053
F_0,F_2,age,sex,0.3,82.219,81.615,0.020208906276113603,0.020208906276113603,1.773187748170713,0.0035533476206115727,0.9967340340624884,0.10693839444193567,0.00609413041306346,0.03770003742889366,3.45,18.385,0.05921441215677286,13.502885640916995,0.136,0.126,0.412,0.379,0.049,0.046
F_0,F_3,age,capital-gain,0.3,82.219,71.819,0.051083932498288576,0.051083932498288576,3.5992074819356517,0.01324584203985243,0.9971990749702031,0.2517146210173153,0.02252647464580316,0.07441533555673052,16.276,28.181,0.1592369025685244,5.243636421375263,0.136,0.242,0.412,0.417,0.049,0.187
F_0,F_4,age,capital-loss,0.3,82.219,75.729,0.2813804374590707,0.2813804374590707,2.977984696287639,0.009252169997947556,0.9972156810848852,0.18466786522245476,0.015953380188821156,0.06247848484903702,11.055,24.271,0.11644667292160234,7.930191449839067,0.136,0.204,0.412,0.419,0.049,0.136
F_0,F_5,age,hours-per-week,0.3,82.219,79.507,0.08175867287904426,0.08175867287904426,2.335432336322867,0.0046595272814806315,0.9970857076936117,0.12408466247209449,0.010318969682172692,0.049711726744044435,6.234,20.493,0.08339064555420689,11.074244991031902,0.136,0.149,0.412,0.383,0.049,0.075
F_1,F_0,race,age,0.3,82.219,81.267,0.026164116146564886,0.026164116146564886,1.8567891773560086,0.0033953582119530886,0.9967735598622529,0.10500375387835964,0.0066204101645778515,0.03951031683393481,3.757,18.733,0.06153113157948013,17.331557716901198,0.136,0.132,0.412,0.385,0.049,0.053
F_1,F_2,race,sex,0.3,82.219,82.148,0.016445812061421483,0.016445812061421483,1.611004624275681,0.004366848924333791,0.9969531238797139,0.10114549986979257,0.0050396423679971505,0.034064891399834235,2.795,17.852,0.05012034665132384,24.40618038391427,0.136,0.126,0.412,0.39,0.049,0.043
F_1,F_3,race,capital-gain,0.3,82.219,71.87,0.06427776446077749,0.06427776446077749,3.51365767874423,0.01415564575351324,0.9971725099468318,0.2469381610944616,0.02115693124704605,0.0721437532088033,15.918,28.13,0.15291928325782642,6.268112777408349,0.136,0.249,0.412,0.432,0.049,0.191
F_1,F_4,race,capital-loss,0.3,82.219,76.149,0.2792771542269721,0.2792771542269721,3.024468152545696,0.010100356834899581,0.9972109657534078,0.19344202017470036,0.016301373358079123,0.06318457030259969,11.373,23.851,0.11932455109431066,7.581721748026842,0.136,0.213,0.412,0.447,0.049,0.14
F_1,F_5,race,hours-per-week,0.3,82.219,80.326,0.07537275485358741,0.07537275485358741,2.249156979949392,0.005699743835919657,0.9971440010003503,0.10712588709043012,0.00945911148491468,0.04773227230022635,6.336,19.674,0.07776947000027692,12.302745124101019,0.136,0.159,0.412,0.421,0.049,0.077
F_2,F_0,sex,age,0.3,82.219,81.646,0.020255768796037077,0.020255768796037077,1.7765716683674269,0.0036380760738496795,0.9967167943675453,0.10916325859270737,0.006132059848789883,0.03775880180785886,3.358,18.354,0.05957785344998345,13.52683820706716,0.136,0.124,0.412,0.376,0.049,0.045
F_2,F_1,sex,race,0.3,82.219,82.209,0.0163642581646265,0.0163642581646265,1.5989833719752853,0.004320527658027467,0.9969386368118971,0.10048722619406525,0.004968228939704802,0.03381425767575284,2.754,17.791,0.04984180681485088,24.152203004731298,0.136,0.125,0.412,0.39,0.049,0.042
F_2,F_3,sex,capital-gain,0.3,82.219,72.126,0.050639172683512146,0.050639172683512146,3.5270381117894907,0.013712216431435494,0.9972019893458126,0.2466808943906803,0.02145397210731187,0.07264039141718845,15.58,27.874,0.15373008762603899,6.403691517116237,0.136,0.246,0.412,0.431,0.049,0.187
F_2,F_4,sex,capital-loss,0.3,82.219,76.118,0.2772273988220515,0.2772273988220515,2.979755311488325,0.010021860332423117,0.9972177888067636,0.18902774361955046,0.015809310252046595,0.06224163824069151,11.035,23.882,0.11651223053487728,7.479447413811264,0.136,0.212,0.412,0.445,0.049,0.139
F_2,F_5,sex,hours-per-week,0.3,82.219,80.326,0.07002756831959955,0.07002756831959955,2.1724995447291042,0.004834014433618455,0.9971108183949782,0.10946648377158844,0.008919690300445577,0.04620856696742548,5.436,19.674,0.07480682431601124,13.8491781982395,0.136,0.15,0.412,0.402,0.049,0.071
F_3,F_0,capital-gain,age,0.3,82.219,72.28,0.05490973213019834,0.05490973213019834,3.5277177472703847,0.012775726007497639,0.9971869356786591,0.2445077828475325,0.02169120095743904,0.07303029787499868,15.324,27.72,0.15399130704773362,5.472124051983402,0.136,0.238,0.412,0.418,0.049,0.181
F_3,F_1,capital-gain,race,0.3,82.219,72.034,0.049181325057822245,0.049181325057822245,3.500044837890012,0.013782126322742672,0.9971731594295599,0.24497654604320557,0.021079874585854794,0.07199348355223069,15.938,27.966,0.15185517344843952,7.009490925457175,0.136,0.246,0.412,0.429,0.049,0.188
F_3,F_2,capital-gain,sex,0.3,82.219,72.617,0.04457297176037267,0.04457297176037267,3.436777640141158,0.01267246841890255,0.997208206535652,0.23585117776009096,0.02054214516314256,0.07106015806161653,14.904,27.383,0.14716397105796475,6.882603106457201,0.136,0.237,0.412,0.423,0.049,0.179
F_3,F_4,capital-gain,capital-loss,0.3,82.219,71.236,0.29206703372534015,0.29206703372534015,3.684874860660857,0.016202340032572767,0.9972200840512451,0.26542700591543134,0.022962281710853974,0.07516768342746562,17.167,28.764,0.16544280213771745,4.853636123491956,0.136,0.265,0.412,0.453,0.049,0.206
F_3,F_5,capital-gain,hours-per-week,0.3,82.219,72.3,0.0999467294247115,0.0999467294247115,3.5200009600433066,0.012888249974703062,0.9972145137163205,0.24357461165509653,0.02159128768477314,0.0728288701131184,15.774,27.7,0.1530698449319232,6.894085838100214,0.136,0.239,0.412,0.42,0.049,0.182
F_4,F_0,capital-loss,age,0.3,82.219,76.077,0.2800260958063844,0.2800260958063844,2.9607277023018623,0.009328690797437587,0.997211970691291,0.18355758494822808,0.015750825811326634,0.06208285312509629,10.871,23.923,0.11526340601953491,7.701824685637016,0.136,0.205,0.412,0.428,0.049,0.134
F_4,F_1,capital-loss,race,0.3,82.219,75.381,0.27726029904241856,0.27726029904241856,3.065163838386906,0.010456989125732797,0.997212368065561,0.19820878190115007,0.016679907299030006,0.06393356279909647,11.731,24.619,0.12190476894008051,7.787836561651417,0.136,0.217,0.412,0.439,0.049,0.147
F_4,F_2,capital-loss,sex,0.3,82.219,75.504,0.2754909100272479,0.2754909100272479,3.0715937281647743,0.010757749030706195,0.9972133667494457,0.20001395202238398,0.016687267914575844,0.06396516754078363,11.588,24.496,0.12227494308150194,7.838372567755341,0.136,0.22,0.412,0.447,0.049,0.148
F_4,F_3,capital-loss,capital-gain,0.3,82.219,71.86,0.29727380529678793,0.29727380529678793,3.6398133552927554,0.015601898779676293,0.997220346680462,0.2606730772950737,0.02251849515943828,0.07442740392649078,16.542,28.14,0.16196822796611587,5.40337624579341,0.136,0.261,0.412,0.456,0.049,0.199
F_4,F_5,capital-loss,hours-per-week,0.3,82.219,75.668,0.30972979208065765,0.30972979208065765,3.095271047351291,0.009528192714255835,0.9972160028908228,0.19570603919001314,0.017230567374873162,0.06492552207230798,11.874,24.332,0.12370632989444788,7.95574479224426,0.136,0.207,0.412,0.424,0.049,0.139
F_5,F_0,hours-per-week,age,0.3,82.219,79.588,0.0800507066503291,0.0800507066503291,2.3671441763641194,0.004628091128825847,0.9970898594576126,0.12330965378295403,0.010620561324258405,0.05042078708641601,6.214,20.412,0.08552014851519203,10.286136503820565,0.136,0.15,0.412,0.387,0.049,0.075
F_5,F_1,hours-per-week,race,0.3,82.219,80.121,0.07618586809861261,0.07618586809861261,2.195939127564632,0.005793618305465514,0.9971420767154419,0.10458323078594045,0.009022926595754094,0.046592840753791845,6.091,19.879,0.07500102733052787,12.623157234029826,0.136,0.159,0.412,0.417,0.049,0.078
F_5,F_2,hours-per-week,sex,0.3,82.219,80.479,0.06976173828490462,0.06976173828490462,2.132180453058794,0.004732621431259043,0.9970726110660719,0.1087725691017601,0.008600334971179544,0.045353883672571205,5.221,19.521,0.07290545936814449,15.037245883753233,0.136,0.148,0.412,0.402,0.049,0.068
F_5,F_3,hours-per-week,capital-gain,0.3,82.219,72.607,0.10110752685995117,0.10110752685995117,3.514941911409122,0.012845188316946813,0.9972087336610044,0.2436055268806238,0.0215248042935757,0.07272961650392198,15.447,27.393,0.15297726646648163,6.49117968235625,0.136,0.238,0.412,0.426,0.049,0.179
F_5,F_4,hours-per-week,capital-loss,0.3,82.219,75.903,0.30963890549666784,0.30963890549666784,3.0187038871736935,0.009181325090953069,0.9972198226835531,0.18725791002312617,0.016456092805915284,0.06341709564669923,11.127,24.097,0.11881472238420746,8.328715143065814,0.136,0.203,0.412,0.42,0.049,0.134
F_0,F_1,age,race,0.5,82.219,80.428,0.06318185837869661,0.06318185837869661,2.4196184902753055,0.005918970942552861,0.9951578786055194,0.17493793250338488,0.011130963824567477,0.051343052617445525,6.377,19.572,0.10410237191860268,14.68697345737467,0.136,0.131,0.412,0.366,0.049,0.058
F_0,F_2,age,sex,0.5,82.219,80.919,0.049914587955291245,0.049914587955291245,2.357539978722666,0.0064890728633755146,0.9949683342397363,0.18537638462856768,0.010535479402188123,0.04974187163514137,5.927,19.081,0.10282519678455351,14.579324348060986,0.136,0.115,0.412,0.341,0.049,0.044
F_0,F_3,age,capital-gain,0.5,82.219,64.879,0.11885466153946345,0.11885466153946345,4.6270458985874505,0.021882958306810633,0.9960357432680776,0.3668570129457883,0.036218706958808654,0.09445245932397746,26.512,35.121,0.26437385377872624,5.691900462529638,0.136,0.311,0.412,0.417,0.049,0.278
F_0,F_4,age,capital-loss,0.5,82.219,71.665,0.3837780435410797,0.3837780435410797,3.861641092387309,0.015781214576628858,0.9960552240513894,0.2870654662373667,0.026460993028393387,0.08055746661180806,18.334,28.335,0.19644720099535987,7.443502720184392,0.136,0.253,0.412,0.436,0.049,0.195
F_0,F_5,age,hours-per-week,0.5,82.219,77.51,0.1400472686284837,0.1400472686284837,2.9923479239628037,0.00786110555227211,0.995634683630664,0.2073314991854822,0.016894270449919358,0.06367390264667215,10.073,22.49,0.1386291152643392,10.539920965581146,0.136,0.157,0.412,0.357,0.049,0.093
F_1,F_0,race,age,0.5,82.219,80.233,0.06389063442477072,0.06389063442477072,2.4066712438332023,0.005966290170805443,0.9951784506290179,0.17455121969403203,0.011033665693385625,0.05106166242349211,6.408,19.767,0.10316940324560803,15.911767995574657,0.136,0.131,0.412,0.361,0.049,0.059
F_1,F_2,race,sex,0.5,82.219,81.851,0.05210037609580476,0.05210037609580476,2.0809964675860466,0.007561288949112666,0.9957600696146228,0.1663481664978963,0.008178900319434454,0.043516520552388145,4.525,18.149,0.08428492304313293,25.01604562710158,0.136,0.119,0.412,0.369,0.049,0.04
F_1,F_3,race,capital-gain,0.5,82.219,65.677,0.10807389756260322,0.10807389756260322,4.513737669164351,0.02363082814633828,0.9959916894155683,0.3546529761164801,0.03356080055874418,0.0909667878608913,26.553,34.323,0.2537202062086807,6.205351525390716,0.136,0.326,0.412,0.464,0.049,0.282
F_1,F_4,race,capital-loss,0.5,82.219,71.645,0.38421175137005503,0.38421175137005503,3.8670471817682635,0.01723157966825457,0.9960581946732424,0.290677376661308,0.02609630079859055,0.08003448837770996,18.6,28.355,0.19686516644240182,7.317661464697845,0.136,0.269,0.412,0.469,0.049,0.206
F_1,F_5,race,hours-per-week,0.5,82.219,78.411,0.1428719943752894,0.1428719943752894,2.8744452098348594,0.009666382742346123,0.9959066243144565,0.18052151043906695,0.015404412479867706,0.06095441713299708,10.4,21.589,0.1285315968368482,11.658928214122593,0.136,0.174,0.412,0.413,0.049,0.099
F_2,F_0,sex,age,0.5,82.219,80.694,0.04947501492631712,0.04947501492631712,2.350801319732863,0.006004962226206976,0.9948756433013346,0.18063012198013328,0.010549712663263655,0.04975706178818345,5.947,19.306,0.1029105001328749,14.337860503723114,0.136,0.119,0.412,0.345,0.049,0.048
F_2,F_1,sex,race,0.5,82.219,81.943,0.052152701802089196,0.052152701802089196,2.047307430297389,0.007604995227081258,0.9957713149088424,0.16611843592123152,0.007921982649211835,0.04274687141548697,4.371,18.057,0.08323255812019421,23.4944320141813,0.136,0.117,0.412,0.367,0.049,0.038
F_2,F_3,sex,capital-gain,0.5,82.219,65.626,0.0946569659565557,0.0946569659565557,4.52947436114137,0.02233425969452769,0.9960448967494245,0.35476559537908486,0.03434166931592848,0.09199928209010494,26.134,34.374,0.2547822973478893,5.669910964973435,0.136,0.315,0.412,0.441,0.049,0.276
F_2,F_4,sex,capital-loss,0.5,82.219,71.246,0.38291340780886807,0.38291340780886807,3.896662962059015,0.016953071391215834,0.9960453902575733,0.29253753631788665,0.026608523306758183,0.08080572619149104,18.958,28.754,0.199081542536946,6.873712228858594,0.136,0.266,0.412,0.455,0.049,0.206
F_2,F_5,sex,hours-per-week,0.5,82.219,79.322,0.129612623493236,0.129612623493236,2.7724919708401945,0.008081008909989612,0.9957775198051538,0.18518760926272837,0.014481410643818467,0.05892606438432198,8.67,20.678,0.12364625718371951,13.027072884413606,0.136,0.157,0.412,0.395,0.049,0.082
F_3,F_0,capital-gain,age,0.5,82.219,64.991,0.09867472021442703,0.09867472021442703,4.6081039297880295,0.021680930691449232,0.9960286905444851,0.36485477570944086,0.0359840723475809,0.09414044093958021,26.338,35.009,0.26241153043953824,4.885451213045618,0.136,0.31,0.412,0.416,0.049,0.277
F_3,F_1,capital-gain,race,0.5,82.219,65.319,0.11637587670656913,0.11637587670656913,4.529764615428881,0.023820842508628877,0.9959780751996786,0.3560403129404822,0.03375145653541571,0.09121866249219943,26.871,34.681,0.25546572900576975,6.078879759427552,0.136,0.327,0.412,0.459,0.049,0.286
F_3,F_2,capital-gain,sex,0.5,82.219,66.465,0.09547497113579217,0.09547497113579217,4.467438525867317,0.022182391175887918,0.996046895487171,0.34886330582293373,0.03338667189563383,0.09071470128672861,25.253,33.535,0.249042750084047,6.060040400919641,0.136,0.314,0.412,0.456,0.049,0.27
F_3,F_4,capital-gain,capital-loss,0.5,82.219,63.916,0.3931886478042542,0.3931886478042542,4.72579880700089,0.026696015339273904,0.9960908363139503,0.37676038541862344,0.03604525098190997,0.09428635721765238,28.171,36.084,0.2734696262392658,4.851930216194141,0.136,0.35,0.412,0.477,0.049,0.31
F_3,F_5,capital-gain,hours-per-week,0.5,82.219,65.483,0.18094572724381475,0.18094572724381475,4.533544559191384,0.022121448777344087,0.9960555138079898,0.3565805370844227,0.03455687936685074,0.09225756893706676,25.929,34.517,0.25532867472574794,6.234855051024008,0.136,0.313,0.412,0.433,0.049,0.275
F_4,F_0,capital-loss,age,0.5,82.219,71.962,0.3847366091657659,0.3847366091657659,3.8428077676851213,0.01511551344831778,0.9960634446308654,0.2838586063674344,0.026419658184259745,0.08044723016177355,18.2,28.038,0.1948637485081661,7.20180335342227,0.136,0.244,0.412,0.424,0.049,0.187
F_4,F_1,capital-loss,race,0.5,82.219,71.123,0.38443704203416096,0.38443704203416096,3.915811591394936,0.01735215509602816,0.9960715458003958,0.2954137692804707,0.026758351106721617,0.0810395495306435,19.183,28.877,0.20071881023070814,6.877774180938552,0.136,0.27,0.412,0.46,0.049,0.21
F_4,F_2,capital-loss,sex,0.5,82.219,71.594,0.38232238045440003,0.38232238045440003,3.8931431552113867,0.017167218589379446,0.9960648111890571,0.2921200986501314,0.02647066161238046,0.08062471159449904,18.978,28.406,0.19889831080864528,7.131111534728655,0.136,0.268,0.412,0.467,0.049,0.206
F_4,F_3,capital-loss,capital-gain,0.5,82.219,64.398,0.3968812353954143,0.3968812353954143,4.6887255188936665,0.026616175522269598,0.9960885062465026,0.373056766647764,0.03543492000270171,0.09348947851237203,27.772,35.602,0.26996155195978316,4.885822577345613,0.136,0.349,0.412,0.486,0.049,0.306
F_4,F_5,capital-loss,hours-per-week,0.5,82.219,70.99,0.42304720937594154,0.42304720937594154,3.936948206118371,0.015922037325464326,0.9960922333293847,0.29553217789504266,0.027575422714012397,0.08218722055615005,19.071,29.01,0.20218709140663854,7.626572038186442,0.136,0.254,0.412,0.424,0.049,0.2
F_5,F_0,hours-per-week,age,0.5,82.219,77.695,0.14162122857644965,0.14162122857644965,3.0096366782612565,0.007828345267914032,0.9957119526004116,0.20651189443619403,0.017081726214820125,0.06404469325188814,10.257,22.305,0.1395306482842272,10.591143111326646,0.136,0.157,0.412,0.362,0.049,0.093
F_5,F_1,hours-per-week,race,0.5,82.219,78.79,0.14611298055290833,0.14611298055290833,2.8175353952515874,0.00968598403284585,0.9959236901709136,0.17627754634603393,0.01479589493289276,0.0597341668141848,9.919,21.21,0.12494282863050452,11.936155777897405,0.136,0.173,0.412,0.419,0.049,0.096
F_5,F_2,hours-per-week,sex,0.5,82.219,79.476,0.12621183294786176,0.12621183294786176,2.6835582580295503,0.007929741835695468,0.9958038126650541,0.18197807097462296,0.013596943736590608,0.05702145635338933,8.005,20.524,0.11833609259306148,12.964929638915674,0.136,0.153,0.412,0.391,0.049,0.078
F_5,F_3,hours-per-week,capital-gain,0.5,82.219,65.759,0.17636370470347706,0.17636370470347706,4.454225882464581,0.021396945006744474,0.9960558690944963,0.3480511357662021,0.03353986336507678,0.09086581066612226,25.038,34.241,0.24785557815108614,6.256715824583501,0.136,0.307,0.412,0.426,0.049,0.27
F_5,F_4,hours-per-week,capital-loss,0.5,82.219,71.154,0.42269836814683215,0.42269836814683215,3.9362256954962493,0.01615200216417991,0.9960840707887855,0.2954102346905132,0.02747815428830116,0.08204953228689049,19.255,28.846,0.20203826794930724,7.668531808936288,0.136,0.256,0.412,0.433,0.049,0.201
F_0,F_1,age,race,0.7,82.219,79.435,0.1291635262413373,0.1291635262413373,2.825603358127915,0.0084145477058045,0.991431817781014,0.23965397270036512,0.015111937250074425,0.05980580714114082,8.681,20.565,0.14449457369293928,16.98705466949896,0.136,0.13,0.412,0.341,0.049,0.063
F_0,F_2,age,sex,0.7,82.219,80.407,0.09400645063061341,0.09400645063061341,2.688162969794792,0.008155834898365445,0.9905002659183795,0.23750144287690378,0.013748731956592661,0.056737035690028095,7.688,19.593,0.13949301955846496,13.849483840476363,0.136,0.114,0.412,0.328,0.049,0.046
F_0,F_3,age,capital-gain,0.7,82.219,57.283,0.1519824030785556,0.1519824030785556,5.426896066160904,0.031074084549391933,0.9930748798010819,0.45586274473670596,0.04800175030572024,0.10889061951747045,36.708,42.717,0.3651510973355387,5.249381968927992,0.136,0.386,0.412,0.414,0.049,0.377
F_0,F_4,age,capital-loss,0.7,82.219,67.315,0.5057716538793027,0.5057716538793027,4.572659996525971,0.022475149811573645,0.9932633001404223,0.3743405059872767,0.036527029988191115,0.09474627901201473,25.734,32.685,0.27565208175755557,7.4816298383893916,0.136,0.303,0.412,0.451,0.049,0.257
F_0,F_5,age,hours-per-week,0.7,82.219,75.146,0.19192545362110558,0.19192545362110558,3.5832795384644442,0.011372830477972596,0.9922118816679363,0.2855268476832866,0.02416629526542398,0.07626640174813837,14.505,24.854,0.1975425292820727,9.457301800812683,0.136,0.173,0.412,0.342,0.049,0.12
F_1,F_0,race,age,0.7,82.219,79.732,0.1277734740951496,0.1277734740951496,2.783972123206711,0.0084177951320825,0.9913606554031144,0.2327177172210217,0.014667458063525526,0.058944149995331874,8.445,20.268,0.14119766435730954,16.29016944118429,0.136,0.132,0.412,0.352,0.049,0.063
F_1,F_2,race,sex,0.7,82.219,81.411,0.12675121837848635,0.12675121837848635,2.4083582564936084,0.010430927443173216,0.9938052268030068,0.21910482773988044,0.010739283919847794,0.04992539617651551,6.009,18.589,0.1157380421278731,23.792123366685225,0.136,0.114,0.412,0.35,0.049,0.04
F_1,F_3,race,capital-gain,0.7,82.219,58.0,0.18888398218451785,0.18888398218451785,5.388428308498005,0.0344683428435639,0.9931388012437714,0.4463646110058277,0.04528264689346885,0.10584119938895963,37.957,42.0,0.3609591705923042,5.717764807116992,0.136,0.413,0.412,0.486,0.049,0.391
F_1,F_4,race,capital-loss,0.7,82.219,66.22,0.5128930348428558,0.5128930348428558,4.631486775356192,0.024564531015270778,0.9932604474257843,0.3784049561388974,0.03663089801654151,0.09493719163740263,26.871,33.78,0.2812719674453059,6.870954693122014,0.136,0.326,0.412,0.475,0.049,0.279
F_1,F_5,race,hours-per-week,0.7,82.219,77.449,0.22400877638860162,0.22400877638860162,3.3601307532357465,0.013702589238661866,0.9928057774792337,0.24669846833080233,0.020957663272678534,0.07119741182222336,14.126,22.551,0.17743322499493958,11.473520373824755,0.136,0.192,0.412,0.429,0.049,0.117
F_2,F_0,sex,age,0.7,82.219,80.571,0.09612184817722158,0.09612184817722158,2.660648232454907,0.008824094717024717,0.9904269071764998,0.2389414860720535,0.013389813768469679,0.055945702108037634,7.462,19.429,0.1368783745590142,15.929414314148513,0.136,0.112,0.412,0.329,0.049,0.044
F_2,F_1,sex,race,0.7,82.219,81.533,0.12666950322229742,0.12666950322229742,2.3972028692256067,0.010451470901604441,0.9938356575611407,0.21938142906846475,0.010634407802841406,0.049649853528273176,5.968,18.467,0.11544172966684128,23.912479347854102,0.136,0.113,0.412,0.351,0.049,0.038
F_2,F_3,sex,capital-gain,0.7,82.219,59.259,0.16377119879404745,0.16377119879404745,5.303375827372053,0.03133997897698851,0.9931685929320871,0.43855580165371233,0.04538773747395941,0.10591191481915863,35.776,40.741,0.35106815301777633,6.381128249268924,0.136,0.388,0.412,0.459,0.049,0.365
F_2,F_4,sex,capital-loss,0.7,82.219,66.138,0.5124831624205115,0.5124831624205115,4.643994795733279,0.024727132353451746,0.9932546351150666,0.3797181426372067,0.036781354224569116,0.09513121578517325,26.912,33.862,0.2823630303026383,6.723120138351559,0.136,0.328,0.412,0.477,0.049,0.281
F_2,F_5,sex,hours-per-week,0.7,82.219,77.674,0.1949027154164953,0.1949027154164953,3.237429679702009,0.011743310303249887,0.9923872267898132,0.25149873050225174,0.019669375422494192,0.06875412415494424,11.792,22.326,0.17058630215450538,13.380750675330974,0.136,0.171,0.412,0.39,0.049,0.102
F_3,F_0,capital-gain,age,0.7,82.219,58.624,0.15407918119626884,0.15407918119626884,5.3881625447485035,0.029846758273066702,0.9930619742814686,0.45268911802621514,0.0478732134641152,0.10871093371770948,36.186,41.376,0.3607781118846698,5.436111457580896,0.136,0.375,0.412,0.42,0.049,0.361
F_3,F_1,capital-gain,race,0.7,82.219,58.829,0.1908466937100345,0.1908466937100345,5.356841399989529,0.03323538935454046,0.9931095473473064,0.44466054692499346,0.0453244893669726,0.10587331844642392,37.373,41.171,0.35740536385457083,6.075350690598251,0.136,0.403,0.412,0.482,0.049,0.378
F_3,F_2,capital-gain,sex,0.7,82.219,59.249,0.16230294110714372,0.16230294110714372,5.295790739926893,0.030724603097896958,0.9932483400865757,0.4387914110898609,0.04554590599744952,0.10608226505932578,35.561,40.751,0.350058529264879,6.009767679166869,0.136,0.383,0.412,0.449,0.049,0.362
F_3,F_4,capital-gain,capital-loss,0.7,82.219,56.638,0.5234858668083597,0.5234858668083597,5.577017974223707,0.038646980351418725,0.9933535917497629,0.464002489681229,0.04688069884134046,0.10772941849824219,39.748,43.362,0.3816742866783396,4.677498920181835,0.136,0.446,0.412,0.525,0.049,0.421
F_3,F_5,capital-gain,hours-per-week,0.7,82.219,59.382,0.24502151171159803,0.24502151171159803,5.365577304096435,0.03123689705108861,0.9932780589895618,0.4478320787358321,0.046727790652399195,0.10742363135749677,36.35,40.618,0.35797637350223677,6.0250985750568145,0.136,0.386,0.412,0.459,0.049,0.364
F_4,F_0,capital-loss,age,0.7,82.219,67.387,0.5042094188910399,0.5042094188910399,4.5386386486566135,0.021636704053856776,0.9932403994616925,0.371086776534591,0.0362946091725254,0.09442690878907546,25.09,32.613,0.2725237220430055,7.447752524809358,0.136,0.293,0.412,0.431,0.049,0.25
F_4,F_1,capital-loss,race,0.7,82.219,67.11,0.5134868743600869,0.5134868743600869,4.587972424765894,0.024004627752835333,0.9932825785895303,0.3751488249114732,0.03612506039152967,0.09427202416209557,26.144,32.89,0.277126827990854,6.877483817423293,0.136,0.32,0.412,0.482,0.049,0.269
F_4,F_2,capital-loss,sex,0.7,82.219,66.813,0.5119487936209073,0.5119487936209073,4.590604345536933,0.024377667851421602,0.9932504285350836,0.37413586412710775,0.03600544590429945,0.0941198196471858,26.646,33.187,0.27725871573409716,6.968055726580172,0.136,0.324,0.412,0.484,0.049,0.274
F_4,F_3,capital-loss,capital-gain,0.7,82.219,56.597,0.5248162480494019,0.5248162480494019,5.5730676816693565,0.03782573189228296,0.9933555831348619,0.46393288067737715,0.0472852084789024,0.10817873211910758,39.646,43.403,0.38118681545245864,5.01786479340905,0.136,0.44,0.412,0.512,0.049,0.417
F_4,F_5,capital-loss,hours-per-week,0.7,82.219,66.435,0.5437774249358477,0.5437774249358477,4.677315580019213,0.02298817906145749,0.9933240219760222,0.386823431506888,0.03817364673279858,0.09682050798007424,27.27,33.565,0.2852759169933085,7.467392905969706,0.136,0.309,0.412,0.444,0.049,0.266
F_5,F_0,hours-per-week,age,0.7,82.219,75.258,0.19379050578591428,0.19379050578591428,3.5886119555666816,0.011398391581540072,0.992116270717969,0.2841001771865844,0.0242130891868981,0.07637743164033448,14.392,24.742,0.1978860677742414,10.564555477866165,0.136,0.174,0.412,0.347,0.049,0.12
F_5,F_1,hours-per-week,race,0.7,82.219,77.255,0.22421686742209124,0.22421686742209124,3.3549928611710857,0.013812305824165923,0.9928066862478725,0.24418259650252377,0.020844314759508757,0.07105263532139657,14.178,22.745,0.17648848832595831,11.625522836066251,0.136,0.194,0.412,0.43,0.049,0.12
F_5,F_2,hours-per-week,sex,0.7,82.219,77.766,0.19223559620657993,0.19223559620657993,3.1925759945727563,0.01162634700158794,0.9925431790726174,0.25010412768307005,0.019130206259574182,0.0677680527401667,11.762,22.234,0.16704298974406556,13.31932682048259,0.136,0.167,0.412,0.385,0.049,0.099
F_5,F_3,hours-per-week,capital-gain,0.7,82.219,59.157,0.24747461237342938,0.24747461237342938,5.336018850535764,0.03085492269814636,0.9932147737286203,0.44552991257305935,0.04636921593893191,0.10699210867397103,35.879,40.843,0.35463631764466536,5.998546309195323,0.136,0.384,0.412,0.448,0.049,0.363
F_5,F_4,hours-per-week,capital-loss,0.7,82.219,66.486,0.5451029662413042,0.5451029662413042,4.690570453294127,0.022938564444794578,0.9933104243109726,0.3881632156853825,0.0384193187682076,0.09712630434006424,27.137,33.514,0.28664722616969174,7.204305435472165,0.136,0.308,0.412,0.444,0.049,0.266
F_0,F_1,age,race,0.1,82.289,81.818,0.003584499382657369,0.003584499382657369,1.0998677229658522,0.0013147381598063949,0.9975458765701866,0.039002181230659204,0.002367263745757297,0.023485154169362907,1.392,18.182,0.021689711283470126,10.953209764132833,0.13,0.129,0.401,0.389,0.045,0.047
F_0,F_2,age,sex,0.1,82.289,82.115,0.002714789477296531,0.002714789477296531,0.943217353763176,0.0012626278039083137,0.9975383328767573,0.03744241959400282,0.001856335292877483,0.020262993827091624,0.932,17.885,0.019267726221824287,12.394988287444505,0.13,0.125,0.401,0.388,0.045,0.043
F_0,F_3,age,capital-gain,0.1,82.289,78.972,0.01260872821286696,0.01260872821286696,2.0321007679559315,0.004634376976568978,0.9976709183808751,0.09832653018945485,0.007387095411109951,0.042561974996583804,5.201,21.028,0.0516074628115932,4.600650758358936,0.13,0.167,0.401,0.41,0.045,0.091
F_0,F_4,age,capital-loss,0.1,82.289,80.037,0.1263449822847893,0.1263449822847893,1.806906105253867,0.0036208561690632677,0.997667739643613,0.07755846968301457,0.005919910720817609,0.03803258456637692,4.177,19.963,0.04253164352762568,5.96783644974047,0.13,0.158,0.401,0.413,0.045,0.078
F_0,F_5,age,hours-per-week,0.1,82.289,81.48,0.016354712944099292,0.016354712944099292,1.3158065101382999,0.0016344141278976326,0.9976452052236316,0.04425125352532827,0.003328647037092526,0.02805801422497496,1.873,18.52,0.02757127891864196,9.424724357375812,0.13,0.133,0.401,0.39,0.045,0.052
F_1,F_0,race,age,0.1,82.289,81.91,0.003504125180204598,0.003504125180204598,1.0712732913995096,0.0013277294519916953,0.9975410629989581,0.03738335428050601,0.0022472450909952787,0.022879056445164844,1.341,18.09,0.02106049913559008,11.706204122545822,0.13,0.129,0.401,0.392,0.045,0.047
F_1,F_2,race,sex,0.1,82.289,82.095,0.00152744617748779,0.00152744617748779,0.9195134814830772,0.0015115166454632558,0.9975657410165275,0.03453817391003272,0.0017116745647879628,0.01967071130987334,0.952,17.905,0.01731782683620232,19.608394150768696,0.13,0.128,0.401,0.394,0.045,0.045
F_1,F_3,race,capital-gain,0.1,82.289,79.064,0.010821513374962621,0.010821513374962621,2.0185640578205124,0.004906892087841933,0.9976684148116454,0.09940408642575851,0.007252604504411651,0.04217908251634528,5.252,20.936,0.05102334738801131,4.465248496930019,0.13,0.17,0.401,0.417,0.045,0.092
F_1,F_4,race,capital-loss,0.1,82.289,79.965,0.1271277493374795,0.1271277493374795,1.7674758025828614,0.003893824580319241,0.9976719487189499,0.07825727574274308,0.005625766000387091,0.03710866112846242,3.798,20.035,0.041087004815667384,6.114182377211945,0.13,0.161,0.401,0.417,0.045,0.08
F_1,F_5,race,hours-per-week,0.1,82.289,81.583,0.014526136370002996,0.014526136370002996,1.2487379421674771,0.0019138243298208876,0.9976545486382009,0.03790898486064808,0.002957267207870176,0.026553832011359774,1.873,18.417,0.025188651662911177,9.202888659780445,0.13,0.136,0.401,0.399,0.045,0.053
F_2,F_0,sex,age,0.1,82.289,81.982,0.0027922533946220796,0.0027922533946220796,0.9704100449746473,0.001263622186507031,0.9975327669219809,0.037603932751979124,0.001904278466367429,0.02078180624086734,1.044,18.018,0.01935408780327305,12.414143111827268,0.13,0.126,0.401,0.387,0.045,0.044
F_2,F_1,sex,race,0.1,82.289,82.084,0.0014662229395803195,0.0014662229395803195,0.9463758110783616,0.0014898648534627315,0.9975571491655664,0.03491343106641154,0.0017949755729912615,0.020233056418815294,0.983,17.916,0.01791155389744326,20.5314684953403,0.13,0.128,0.401,0.394,0.045,0.045
F_2,F_3,sex,capital-gain,0.1,82.289,78.89,0.012797566024936868,0.012797566024936868,2.0193972238666724,0.005019168459850478,0.9976706274028686,0.10021021580862971,0.0072465074549697955,0.042150280764464074,5.385,21.11,0.05103166960477607,5.197823610877615,0.13,0.17,0.401,0.415,0.045,0.094
F_2,F_4,sex,capital-loss,0.1,82.289,80.078,0.12532743331651452,0.12532743331651452,1.7926632484577953,0.0036826222571133393,0.997674022489683,0.07736327132351026,0.005816224841150346,0.037706917828089624,4.075,19.922,0.04196233030481117,5.937397439655946,0.13,0.159,0.401,0.415,0.045,0.078
F_2,F_5,sex,hours-per-week,0.1,82.289,81.685,0.01404935464405943,0.01404935464405943,1.1725106583232894,0.0016930683320034914,0.9976409715020951,0.03759306359038471,0.002640081850623762,0.02498345798164507,1.607,18.315,0.023271642712126846,10.220052458028817,0.13,0.133,0.401,0.396,0.045,0.051
F_3,F_0,capital-gain,age,0.1,82.289,79.187,0.014790702576146897,0.014790702576146897,2.0446753543781533,0.004648292253907251,0.9976704269835175,0.09907233424049375,0.007477935055923056,0.04282702260651096,5.211,20.813,0.0521129677475047,4.111734584247778,0.13,0.167,0.401,0.415,0.045,0.09
F_3,F_1,capital-gain,race,0.1,82.289,79.085,0.011274511831894651,0.011274511831894651,1.990681694822661,0.004896844710501384,0.9976671627847481,0.09774616712034251,0.0070573480940743566,0.0415905243385918,5.129,20.915,0.04980916867245249,4.969255853876042,0.13,0.17,0.401,0.417,0.045,0.092
F_3,F_2,capital-gain,sex,0.1,82.289,79.33,0.009235693541318257,0.009235693541318257,1.9687629175681463,0.004622199601769364,0.9976675828666036,0.0949216037045363,0.006911378707816038,0.04116189120802325,5.088,20.67,0.04896417030785122,5.039287412031528,0.13,0.167,0.401,0.418,0.045,0.089
F_3,F_4,capital-gain,capital-loss,0.1,82.289,78.737,0.14111476389743693,0.14111476389743693,2.123671078553927,0.006100447644542676,0.9976739468882134,0.11241422238456408,0.007935649239273172,0.044126911175159524,5.907,21.263,0.05547699063631031,3.483324838546341,0.13,0.179,0.401,0.429,0.045,0.1
F_3,F_5,capital-gain,hours-per-week,0.1,82.289,79.228,0.022675103008248598,0.022675103008248598,1.9944814872337908,0.004548030688807316,0.997670398456414,0.0957288603625073,0.007115422303632463,0.0417678187821386,5.047,20.772,0.05014763551840909,4.971521070939649,0.13,0.166,0.401,0.414,0.045,0.089
F_4,F_0,capital-loss,age,0.1,82.289,80.068,0.12539893031045735,0.12539893031045735,1.7957257119887706,0.003575613485632415,0.9976678677440098,0.07641662445348335,0.005849585135265014,0.03780833117923885,4.003,19.932,0.042105489008546645,5.791856465063757,0.13,0.157,0.401,0.412,0.045,0.077
F_4,F_1,capital-loss,race,0.1,82.289,79.904,0.12836633032040157,0.12836633032040157,1.8269367171317241,0.004019943601262701,0.997671930064162,0.08232879224375156,0.0060094700745771884,0.03834553721658162,4.228,20.096,0.04328993543056078,5.389443407243734,0.13,0.162,0.401,0.418,0.045,0.081
F_4,F_2,capital-loss,sex,0.1,82.289,80.344,0.1266647143162949,0.1266647143162949,1.7337413649810558,0.0035679194747138205,0.9976741017495295,0.07339439513762466,0.0054480064241574765,0.036483159852630606,3.686,19.656,0.0398313894996589,6.365855694329601,0.13,0.157,0.401,0.418,0.045,0.075
F_4,F_3,capital-loss,capital-gain,0.1,82.289,78.941,0.13786578476018108,0.13786578476018108,2.1212320261155955,0.006248633655175212,0.9976739191853401,0.11312060698595787,0.007897674165978929,0.044032346189053787,5.846,21.059,0.055398083327210586,3.8879192881516773,0.13,0.18,0.401,0.435,0.045,0.099
F_4,F_5,capital-loss,hours-per-week,0.1,82.289,80.016,0.1361998400162987,0.1361998400162987,1.766021864805567,0.0036258831457673816,0.9976745635975983,0.07544626938378343,0.00565131042017525,0.03715742370045154,3.931,19.984,0.04097507275605467,5.592474818803598,0.13,0.158,0.401,0.412,0.045,0.078
F_5,F_0,hours-per-week,age,0.1,82.289,81.327,0.014394082296466992,0.014394082296466992,1.3527985671596485,0.0017753784673601586,0.9976415790432585,0.04461531426486659,0.0035177049689474136,0.028853254599764545,1.966,18.673,0.028561186408984356,7.480514677487384,0.13,0.134,0.401,0.391,0.045,0.054
F_5,F_1,hours-per-week,race,0.1,82.289,81.91,0.014651907354735871,0.014651907354735871,1.2184628783686486,0.0019483041174343412,0.9976586914100569,0.03765009842251989,0.002825955184341704,0.02591963402478539,1.771,18.09,0.02428708128268206,9.42422401064806,0.13,0.136,0.401,0.405,0.045,0.051
F_5,F_2,hours-per-week,sex,0.1,82.289,81.706,0.012859321625219189,0.012859321625219189,1.171714466258008,0.0016550367762639528,0.9976470788065538,0.04056366988693526,0.0026714161217121957,0.025001467893513242,1.464,18.294,0.023503890033904153,10.23065338438412,0.13,0.131,0.401,0.392,0.045,0.049
F_5,F_3,hours-per-week,capital-gain,0.1,82.289,79.146,0.018196031123229872,0.018196031123229872,1.990229108272272,0.0046223714723357,0.9976724965256756,0.09581070072228702,0.007078931883930611,0.04165381797282463,5.068,20.854,0.04984076160208868,4.896115160414991,0.13,0.167,0.401,0.413,0.045,0.09
F_5,F_4,hours-per-week,capital-loss,0.1,82.289,79.904,0.13622271628903715,0.13622271628903715,1.8373110461625024,0.0041791473343664705,0.9976746106905415,0.08409109122407571,0.006065891168931003,0.038518870493563215,4.33,20.096,0.04361811758617595,5.49696597645012,0.13,0.163,0.401,0.421,0.045,0.082
F_0,F_1,age,race,0.3,82.289,81.552,0.02754883659775731,0.02754883659775731,1.751463481307803,0.003684842600063288,0.9965779795015706,0.10769396084579042,0.006007548811394047,0.03728852749445632,3.215,18.448,0.058810046489333336,12.819765068050817,0.13,0.123,0.401,0.372,0.045,0.045
F_0,F_2,age,sex,0.3,82.289,81.931,0.022512673466717037,0.022512673466717037,1.5982309424123922,0.0038755045447926703,0.9964935107985101,0.10623087571156903,0.005165259222828095,0.034044481894267786,2.549,18.069,0.05480088617715632,15.718843618807055,0.13,0.118,0.401,0.368,0.045,0.039
F_0,F_3,age,capital-gain,0.3,82.289,71.581,0.05872621723590088,0.05872621723590088,3.6212916202422214,0.0142896520693786,0.9969974328879906,0.2582740004714652,0.02261772280298386,0.07456665529468547,16.421,28.419,0.1614020073219122,4.642381751847661,0.13,0.245,0.401,0.419,0.045,0.191
F_0,F_4,age,capital-loss,0.3,82.289,75.328,0.2872126775171877,0.2872126775171877,3.1078507040317507,0.010692963286668262,0.9970043919975027,0.20416122956566624,0.017150467378777054,0.06484954884908485,11.753,24.672,0.1251086799014661,6.5311909252665155,0.13,0.214,0.401,0.431,0.045,0.145
F_0,F_5,age,hours-per-week,0.3,82.289,79.402,0.08140107200865154,0.08140107200865154,2.2762525650232255,0.0044411155479420405,0.9968413712890983,0.12772303396694093,0.009873563751992654,0.04849841148804708,5.631,20.598,0.08140819338074336,8.656931808506519,0.13,0.14,0.401,0.361,0.045,0.07
F_1,F_0,race,age,0.3,82.289,81.357,0.026988072365958793,0.026988072365958793,1.7469366779085318,0.0035711482413908124,0.9965846258496981,0.10470875139236072,0.005938461910590102,0.037187051365283476,3.286,18.643,0.05797820629221386,12.010510260561269,0.13,0.125,0.401,0.371,0.045,0.047
F_1,F_2,race,sex,0.3,82.289,82.064,0.014875947596651673,0.014875947596651673,1.5458542890889557,0.004432022262397571,0.9967489937751616,0.09967544400822041,0.004709344913409752,0.03273790608907972,2.457,17.936,0.048912773967228734,23.3042956550004,0.13,0.123,0.401,0.382,0.045,0.041
F_1,F_3,race,capital-gain,0.3,82.289,72.543,0.054095774290235155,0.054095774290235155,3.5055065402871053,0.014599628182289317,0.9969967989601285,0.24865773172733535,0.021032620040346055,0.07190031256156332,15.786,27.457,0.15262299830687606,5.243494372697908,0.13,0.248,0.401,0.444,0.045,0.186
F_1,F_4,race,capital-loss,0.3,82.289,75.338,0.2854153854397281,0.2854153854397281,3.046029527792487,0.01106138589851904,0.9970137421122676,0.2009413552128401,0.016382605394036066,0.06337812345292199,11.558,24.662,0.12112581464763365,6.58924024425253,0.13,0.217,0.401,0.439,0.045,0.148
F_1,F_5,race,hours-per-week,0.3,82.289,80.016,0.0766721006844241,0.0766721006844241,2.160622433353443,0.005749608372096446,0.996956545009196,0.10624125006177897,0.008753172119830724,0.04586134208465067,5.713,19.984,0.07382594456763009,10.052293961943864,0.13,0.152,0.401,0.4,0.045,0.074
F_2,F_0,sex,age,0.3,82.289,81.757,0.022668019700685216,0.022668019700685216,1.6690807118553317,0.003703273938878256,0.9964969044596946,0.10871027575898105,0.005582797367549663,0.03557367718428542,2.826,18.243,0.05751263386760563,15.393409490799327,0.13,0.119,0.401,0.367,0.045,0.041
F_2,F_1,sex,race,0.3,82.289,82.023,0.015111650629502371,0.015111650629502371,1.5571813623109547,0.004366002355372012,0.9967345932302345,0.09976900876752448,0.004778291276986292,0.03300455671538169,2.498,17.977,0.04963138002533967,23.634716205023196,0.13,0.123,0.401,0.381,0.045,0.042
F_2,F_3,sex,capital-gain,0.3,82.289,72.144,0.050046968014445636,0.050046968014445636,3.5392781650165235,0.014631372898927323,0.9969940416517012,0.25127149902149043,0.02143230703795066,0.07260446222851571,16.145,27.856,0.15528856752370307,5.204398499187977,0.13,0.248,0.401,0.436,0.045,0.189
F_2,F_4,sex,capital-loss,0.3,82.289,76.198,0.2813749292655079,0.2813749292655079,3.0069705658868147,0.010484443952005911,0.9970195783623018,0.19482878158168931,0.01605332391986813,0.06272589314205576,11.333,23.802,0.11866408123284349,6.631536603032741,0.13,0.212,0.401,0.445,0.045,0.138
F_2,F_5,sex,hours-per-week,0.3,82.289,80.723,0.06728310193238562,0.06728310193238562,1.9965705707898334,0.004703686680117852,0.9969002470318183,0.10797160386018324,0.007613524662998,0.042503910911952214,4.412,19.277,0.06806799509695904,11.831938373805306,0.13,0.14,0.401,0.39,0.045,0.062
F_3,F_0,capital-gain,age,0.3,82.289,71.683,0.052629291723932714,0.052629291723932714,3.6181609164935553,0.014119432685555709,0.9970000738235314,0.2576553197721313,0.022622119176331966,0.07457835048779196,16.257,28.317,0.16100664509311724,4.474722802661708,0.13,0.244,0.401,0.418,0.045,0.189
F_3,F_1,capital-gain,race,0.3,82.289,72.369,0.054747199586464235,0.054747199586464235,3.4927220517728372,0.014416027272702135,0.9969974028885425,0.24727195259334733,0.02090801888436712,0.07170157247889139,15.387,27.631,0.15173346590166095,5.210723501555321,0.13,0.246,0.401,0.437,0.045,0.186
F_3,F_2,capital-gain,sex,0.3,82.289,72.625,0.051724620083393846,0.051724620083393846,3.4851063566997036,0.01375827932323884,0.9970005648385173,0.24497289245772325,0.02095076827220562,0.0717703826993573,15.479,27.375,0.15124448418358824,5.304644981938683,0.13,0.241,0.401,0.432,0.045,0.181
F_3,F_4,capital-gain,capital-loss,0.3,82.289,71.448,0.2946595982115735,0.2946595982115735,3.6826032432144995,0.017117954468983492,0.9970238266465269,0.26856877508468885,0.022733541263739943,0.0747849120272098,17.394,28.552,0.16567645081615798,4.532264849040536,0.13,0.267,0.401,0.461,0.045,0.206
F_3,F_5,capital-gain,hours-per-week,0.3,82.289,72.195,0.09737455787916782,0.09737455787916782,3.4984932596533636,0.013804189672744365,0.9970005947275112,0.24607204507797908,0.021132352622927536,0.07206861508853574,15.561,27.805,0.1521935568155487,5.360596475069675,0.13,0.241,0.401,0.422,0.045,0.184
F_4,F_0,capital-loss,age,0.3,82.289,75.686,0.2852293062119732,0.2852293062119732,3.033062947670973,0.010156368820283342,0.9970070334537836,0.19544081674813135,0.016417808212461436,0.06341778301154485,11.251,24.314,0.12030059372217439,6.291550109983692,0.13,0.208,0.401,0.427,0.045,0.139
F_4,F_1,capital-loss,race,0.3,82.289,75.43,0.28486122132251124,0.28486122132251124,3.038772366068697,0.01111961704203843,0.9970158455158602,0.20058519287287183,0.016293191180860558,0.06319527216795132,11.589,24.57,0.12061100049201394,6.618296186499986,0.13,0.218,0.401,0.442,0.045,0.147
F_4,F_2,capital-loss,sex,0.3,82.289,75.635,0.28121161545030915,0.28121161545030915,2.979656157053042,0.010532852804877904,0.997007203182823,0.19300921487841802,0.015740786910879545,0.062106746709931694,11.302,24.365,0.11701502149453556,6.493560126574175,0.13,0.212,0.401,0.434,0.045,0.142
F_4,F_3,capital-loss,capital-gain,0.3,82.289,71.171,0.2937955032987294,0.2937955032987294,3.7007020886286632,0.01788486667530227,0.9970236356575756,0.27157725237126806,0.022768880768811027,0.07485104458229051,17.629,28.829,0.16712666986722774,3.9578667377714467,0.13,0.272,0.401,0.467,0.045,0.211
F_4,F_5,capital-loss,hours-per-week,0.3,82.289,74.621,0.31165658602394053,0.31165658602394053,3.1136485192239545,0.01150433939416317,0.9970066065566102,0.2081587583968293,0.01704815106251269,0.06466486591425497,12.275,25.379,0.12550452769629192,6.668762294317746,0.13,0.221,0.401,0.432,0.045,0.155
F_5,F_0,hours-per-week,age,0.3,82.289,79.115,0.07930822323092035,0.07930822323092035,2.3173217228500143,0.004638054680969271,0.9968691023029306,0.1251446714951151,0.010209654626333019,0.04937774558805889,5.815,20.885,0.08351169534150621,8.440049495017881,0.13,0.144,0.401,0.364,0.045,0.074
F_5,F_1,hours-per-week,race,0.3,82.289,80.487,0.07749560846886261,0.07749560846886261,2.068859359883803,0.0053133986271660175,0.9969437191935913,0.10826744780376465,0.008089135567292422,0.043962237557215504,4.996,19.513,0.07006151646544842,10.430383358322352,0.13,0.145,0.401,0.396,0.045,0.066
F_5,F_2,hours-per-week,sex,0.3,82.289,80.682,0.06838350752099032,0.06838350752099032,1.9894046346974772,0.004753985628849711,0.9969204968946765,0.10846150564619653,0.007552771628898973,0.04233007832526117,4.392,19.318,0.06734372420139127,10.192899787479949,0.13,0.139,0.401,0.388,0.045,0.061
F_5,F_3,hours-per-week,capital-gain,0.3,82.289,72.43,0.10843218841711344,0.10843218841711344,3.5137335780558336,0.013649277258272696,0.9970015618478814,0.2470519434294787,0.021372614602410207,0.0724733576591878,15.51,27.57,0.15331608672388544,5.042886181530448,0.13,0.24,0.401,0.425,0.045,0.182
F_5,F_4,hours-per-week,capital-loss,0.3,82.289,74.509,0.3087776242195248,0.3087776242195248,3.2007392053670496,0.011917198268225054,0.9970213427721543,0.21660602692183936,0.01796534811723335,0.06640208438566786,12.756,25.491,0.1311857183519949,5.650360418836673,0.13,0.225,0.401,0.438,0.045,0.158
F_0,F_1,age,race,0.5,82.289,80.692,0.06511479270626086,0.06511479270626086,2.322248725135605,0.006023269013478834,0.9949389107655329,0.17356596786742187,0.010323136334426405,0.049254237402760345,5.979,19.308,0.09952627312800456,13.11006663657583,0.13,0.122,0.401,0.351,0.045,0.05
F_0,F_2,age,sex,0.5,82.289,81.47,0.0534054006564626,0.0534054006564626,2.1100342032070207,0.006615645255523396,0.9946901954110672,0.17494436080094813,0.008741316271333935,0.044589414388148396,4.484,18.53,0.09302156755809121,15.534062206883139,0.13,0.106,0.401,0.333,0.045,0.034
F_0,F_3,age,capital-gain,0.5,82.289,63.841,0.10671529357555354,0.10671529357555354,4.702036750097442,0.02410831632936038,0.9958228677244183,0.3772264900454255,0.03667017601781116,0.0950644386156261,27.518,36.159,0.27153322496451504,4.348801364357479,0.13,0.323,0.401,0.42,0.045,0.293
F_0,F_4,age,capital-loss,0.5,82.289,70.076,0.38753891407409347,0.38753891407409347,3.9866520759529136,0.01812728943390928,0.9958489451783638,0.3053518534650247,0.027547337918688963,0.08226655108700244,19.625,29.924,0.2062983663120315,6.019796870907909,0.13,0.272,0.401,0.442,0.045,0.218
F_0,F_5,age,hours-per-week,0.5,82.289,77.529,0.1365334087524671,0.1365334087524671,2.979857546534007,0.007951265643273114,0.9955552420408855,0.20431803620534256,0.016809259787784185,0.06346649403658584,9.756,22.471,0.13767044703239603,8.065661985309127,0.13,0.153,0.401,0.35,0.045,0.091
F_1,F_0,race,age,0.5,82.289,80.784,0.06590588672111941,0.06590588672111941,2.2915082934395787,0.005794509758259044,0.994914128270721,0.1710698579265646,0.01008857195809166,0.04864488255445362,5.784,19.216,0.09857265730712468,11.872542260993852,0.13,0.122,0.401,0.353,0.045,0.049
