ID,Feature,Category,swap_proportion,Acc,Acc_after,distortion_multiple,distortion_feature,Distortion_hellinger,Distortion_wasserstein,cramers_v_distortion,total_variation_distortion,Distortion_kl,Distortion_js,hellinger_div,wasserstein_div,cramers_v_div,total_variation_div,KL_div,JS_Div,Casuality,Importance,worse_case_unfair,epsilon_unfair,SP,SP_after,TPR,TPR_after,FPR,FPR_after
F_0,age,0.1,81.564,80.878,0.0051394234048419305,0.00010237510237510245,9.356937506095763e-32,3.584902598586607e-67,0.9899144188735253,0.04660468307087855,inf,0.3525371562480193,1.0866141800833722,0.0005036779759452789,0.9975941418958806,0.03072749744491786,0.00226528411822214,0.023192100945648338,1.587,19.122,616.1538461538478,74.05128205128204,0.143,0.143,0.414,0.399,0.058,0.062
F_1,race,0.1,81.564,81.288,0.02000204729245573,0.10001023646227863,3.0879545682284553,0.011103218867300839,0.5636831798158791,0.0997011356844115,0.018911753268850494,0.0699329844152931,0.6800620660709367,0.0006567297723294823,0.9975940441218292,0.017114825765426354,0.0008932196185997552,0.014511654885698604,0.809,18.712,5849.999999999332,546.6666666666663,0.143,0.144,0.414,0.409,0.058,0.06
F_2,sex,0.1,81.564,81.329,0.02000204729245573,0.10001023646227863,3.0879545682284553,0.005672121939446016,0.6161497984834523,0.10152671755726814,0.01843526039617992,0.06826651869354193,0.844889148626954,0.000909849809746773,0.9975752939075928,0.027913879107312484,0.0013965561998430264,0.01804891817030342,1.034,18.671,400.516129032261,150.49696969697084,0.143,0.138,0.414,0.399,0.058,0.056
F_3,capital-gain,0.1,81.564,77.992,0.00016778532063013179,0.00010237510237510296,13.286532996897034,0.036141254801440065,0.9899281046011286,0.536564298540242,inf,0.22657384445514966,2.048737616303699,0.004699783180452244,0.9977361434734526,0.0984280968001394,0.0074786043162202625,0.042853651171702804,5.374,22.008,146.99999999999991,74.00000000000007,0.143,0.18,0.414,0.417,0.058,0.106
F_4,capital-loss,0.1,81.564,79.793,0.00021921303566789524,0.00010237510237510104,13.65670224057292,0.03810145845168766,0.9873728421244662,0.7253248730428095,inf,0.2286175145820403,1.6599326655630646,0.0033245706060472365,0.9977393294283927,0.06700068701313508,0.004989440734123918,0.03491099337432034,3.613,20.207,128.0,99.49999999999979,0.143,0.168,0.414,0.429,0.058,0.086
F_5,hours-per-week,0.1,81.564,80.97,0.003402148577593168,0.00010237510237510245,1.1184137992920478,0.00023397717972426614,0.988397508265433,0.05507779083344944,inf,0.5622021309696006,1.1408342016000104,0.0014357207906275163,0.9976954334880123,0.030173382857126806,0.002469334168854545,0.024277341720385006,1.781,19.03,1354.5000000000534,80.0,0.143,0.149,0.414,0.413,0.058,0.065
F_0,age,0.3,81.564,80.459,0.01694360187265513,0.0001023751023751026,1.9357782740490763e-31,2.939619945046112e-66,0.9828370816469482,0.12940074901083357,inf,0.6756272502015503,1.8023189994773139,0.001940406390501228,0.9963236533950841,0.09657596596610378,0.0063136007912855,0.03851153993408634,4.32,19.541,3649.000000000063,128.0,0.143,0.138,0.414,0.38,0.058,0.062
F_1,race,0.3,81.564,81.247,0.060006141877367185,0.3000307093868359,5.348494203636101,0.03340606660653899,0.2792798162447572,0.2994620442319479,0.04981474422047155,0.11176512525987638,1.1981639051328121,0.0020892496667621486,0.9967507470199445,0.053671788160619,0.0027550324090585424,0.02550776698513475,2.406,18.753,5849.999999999332,964.7058823529404,0.143,0.141,0.414,0.403,0.058,0.059
F_2,sex,0.3,81.564,81.339,0.060006141877367185,0.3000307093868359,5.348494203636101,0.016855682477277253,0.35743216768426217,0.30381679389310756,0.05383025674017936,0.11563550720584821,1.4547245225352938,0.002362664781694899,0.9965341703141215,0.07933974398293014,0.004134038938779049,0.031028481362101713,3.173,18.661,400.516129032261,286.08294930875786,0.143,0.13,0.414,0.382,0.058,0.051
F_3,capital-gain,0.3,81.564,70.765,0.0006128547717371139,0.00010237510237510246,23.082188273127702,0.10891381531688209,0.9796788785607384,0.7970741131830309,inf,0.41412126216799505,3.547301080728713,0.014055383195435388,0.9970460357915634,0.2487521220921317,0.02165525395787351,0.07298217640803237,16.041,29.235,146.99999999999991,97.00000000000017,0.143,0.254,0.414,0.42,0.058,0.202
F_4,capital-loss,0.3,81.564,75.484,0.0011836530872817751,0.00010237510237510315,23.65831818627881,0.11450856323529707,0.9801774040718784,0.8883039341875286,inf,0.4170023722059901,2.951281410975136,0.010479689228922087,0.9970614587326714,0.18887108045908152,0.015436729840050017,0.06148309037964758,11.055,24.516,128.0,97.00000000000017,0.143,0.223,0.414,0.453,0.058,0.15
F_5,hours-per-week,0.3,81.564,79.977,0.012599243905291373,0.00010237510237510256,1.945668304397353,0.0006785514540864442,0.97686441338296,0.14211712734868304,inf,0.8414420764766722,2.030179194417781,0.004518959185563429,0.9968768127399115,0.09442306311422642,0.0077999496673824345,0.04318352953756123,5.62,20.023,1354.5000000000534,128.0,0.143,0.159,0.414,0.413,0.058,0.079
F_0,age,0.5,81.564,79.742,0.030412193766009316,0.00010237510237510237,2.3223308141835684e-31,4.445278965879247e-66,0.9676878839787783,0.2033434160223859,inf,0.7842844890768598,2.34475076916074,0.003338527440619154,0.9937514003687246,0.160588908657884,0.010649456531078603,0.05006023112811835,7.063,20.258,3649.000000000063,146.99999999999991,0.143,0.134,0.414,0.357,0.058,0.064
F_1,race,0.5,81.564,81.144,0.10001023646227863,0.5000511823113932,6.904876325989816,0.055869597686837955,0.0008736339117805707,0.4998206814105914,0.07243980246646296,0.13279648873859864,1.562784898680149,0.0034340306624973957,0.9957605298604871,0.08917345507142187,0.004672906816509564,0.03321661069247815,4.146,18.856,5849.999999999332,1275.5555555555545,0.143,0.139,0.414,0.396,0.058,0.058
F_2,sex,0.5,81.564,81.37,0.10001023646227863,0.5000511823113932,6.904876325989816,0.0280392430151085,0.00579529298979296,0.5061068702289835,0.08735305250989597,0.14608223829687453,1.8755834576381702,0.004218912967808041,0.9953522244686256,0.13003776162781894,0.006831526360138204,0.03985837047842167,5.21,18.63,400.516129032261,400.516129032261,0.143,0.121,0.414,0.363,0.058,0.044
F_3,capital-gain,0.5,81.564,64.735,0.001515835355389796,0.00010237510237510222,29.840227376077323,0.18221726432093283,0.9665912316249218,0.8810981816187423,inf,0.5772031048491821,4.577390510463436,0.023620815576798848,0.995840861120718,0.3603920822008147,0.034674472191686276,0.09246922335760749,26.656,35.265,146.99999999999991,74.00000000000007,0.143,0.33,0.414,0.452,0.058,0.291
F_4,capital-loss,0.5,81.564,71.297,0.0028591203293870577,0.00010237510237510296,30.504636844852584,0.19034394195425094,0.9707946201281108,0.9310518604869196,inf,0.5798579647661167,3.852371058985937,0.017645886937499338,0.9958371691911816,0.2880170247959089,0.02575236418356753,0.07950195710991094,19.009,28.703,146.99999999999991,99.49999999999979,0.143,0.277,0.414,0.479,0.058,0.214
F_5,hours-per-week,0.5,81.564,78.585,0.024519048447286414,0.00010237510237510256,2.5301049818548575,0.001151620461832832,0.9572030223778766,0.20811393318156216,inf,0.9938239546613843,2.628637531679625,0.007605602682110739,0.9953931711576156,0.1594938161082029,0.013027345016939366,0.05588558740912262,9.448,21.415,1354.5000000000534,128.0,0.143,0.17,0.414,0.408,0.058,0.095
F_0,age,0.7,81.564,79.015,0.04529749658715394,0.00010237510237510292,2.782017518770906e-31,7.098106679274041e-66,0.9265640900175035,0.26849040224775633,inf,0.8963850555396599,2.7569350348492403,0.0044988427573860006,0.987870486706133,0.21634330008442967,0.014665514350662028,0.05884775837430557,9.796,20.985,3649.000000000063,146.99999999999991,0.143,0.134,0.414,0.342,0.058,0.069
F_1,race,0.7,81.564,80.878,0.14001433104719008,0.7000716552359505,8.169959847398292,0.07859022211283419,0.27796739078579447,0.7011356843991999,0.08760592661218305,0.14388174518334004,1.8622636615444241,0.004772064604798596,0.9947268765494947,0.12238408787488494,0.006580520545184034,0.039501809904030585,5.804,19.122,5849.999999999332,1639.9999999999986,0.143,0.139,0.414,0.39,0.058,0.059
F_2,sex,0.7,81.564,81.206,0.14001433104719008,0.7000716552359505,8.169959847398292,0.03829084017478713,0.3523172959568946,0.7039694656488458,0.11976029687818165,0.1697167759181536,2.218468620813005,0.006112283927840296,0.9947284701293725,0.17661843870820593,0.009434988330951133,0.04692967666884901,7.155,18.794,400.516129032261,400.516129032261,0.143,0.112,0.414,0.342,0.058,0.04
F_3,capital-gain,0.7,81.564,57.744,0.0027233879460054253,0.00010237510237510246,35.38756586966798,0.255888251509405,0.9518347371124553,0.9230160128769891,inf,0.7728147286962054,5.394503057682733,0.033024350692943516,0.9931117684189552,0.44648678818643506,0.04623386984080055,0.10692628429463381,37.046,42.256,146.99999999999991,97.00000000000017,0.143,0.406,0.414,0.466,0.058,0.387
F_4,capital-loss,0.7,81.564,67.008,0.006306570994738685,0.00010237510237510286,36.063164504916415,0.26609764552111126,0.9502522511376035,0.9493782657183635,inf,0.7733552092753556,4.476720875204191,0.02417514609632447,0.9930070567661723,0.36016340072611974,0.034130184352652054,0.09161203589475725,25.694,32.992,146.99999999999991,99.49999999999979,0.143,0.328,0.414,0.495,0.058,0.275
F_5,hours-per-week,0.7,81.564,77.613,0.04222470959430973,0.00010237510237510256,2.9916773935160017,0.0014008094963041593,0.9120825441530498,0.2540565444345935,inf,1.1635372510273112,3.123095086201194,0.01058123169394857,0.9919261704865707,0.2196485338211855,0.018272270592010274,0.06634679751906575,13.205,22.387,1354.5000000000534,128.0,0.143,0.184,0.414,0.416,0.058,0.111
F_0,age,0.1,82.209,81.81,0.005264914220486489,0.00010237510237510202,1.025001148937297e-31,8.603765581284755e-67,0.9901885152849411,0.04709542143111858,inf,0.33916727786046047,1.0554941731067964,0.0004301673878079437,0.9976646385953664,0.029903465510506853,0.002132649564973732,0.022521165414936685,1.341,18.19,337.8399999999977,75.07246376811571,0.136,0.136,0.413,0.404,0.049,0.052
F_1,race,0.1,82.209,82.015,0.02000204729245573,0.10001023646227863,3.0879545682284553,0.0116816788951197,0.5656783354715431,0.10173134328358611,0.018726612710297703,0.06969028999930559,0.8177761404547512,0.0007206307538525341,0.9976782526189082,0.02088742857010982,0.0012726279878688968,0.017408997492548248,0.993,17.985,759.4999999999714,71.2380952380951,0.136,0.136,0.413,0.408,0.049,0.05
F_2,sex,0.1,82.209,82.189,0.02000204729245573,0.10001023646227863,3.0879545682284553,0.004772295229505582,0.6157352435619015,0.09765445347233352,0.018577017261502345,0.06840562161247886,0.8557890995967432,0.0008296594335220266,0.9976695780649089,0.02755040351039113,0.0014337765923005143,0.018291506373348646,1.003,17.811,615.9999999999945,161.79149797571017,0.136,0.132,0.413,0.405,0.049,0.047
F_3,capital-gain,0.1,82.209,78.831,0.00014509806418010784,0.00010237510237510306,13.398657626070024,0.03642711783376783,0.9900664699014314,0.49366985121592344,inf,0.2284592661841338,2.006646266143262,0.004348393172587918,0.997828755129847,0.09336512415689643,0.007192257967547993,0.04202850118214975,4.954,21.169,186.99999999999963,99.00000000000023,0.136,0.171,0.413,0.414,0.049,0.094
F_4,capital-loss,0.1,82.209,80.08,0.00030595493220300803,0.00010237510237510296,13.642088322807036,0.03793810814750036,0.9867883185945643,0.7280910415992831,inf,0.2283044157394185,1.7499932559245204,0.00323769298812554,0.9978201782165009,0.07032337583576773,0.005556834524011673,0.036869330722934045,3.747,19.92,186.99999999999963,130.9999999999999,0.136,0.16,0.413,0.419,0.049,0.079
F_5,hours-per-week,0.1,82.209,81.646,0.0033966439722114064,0.00010237510237510233,0.9672112101349922,0.00011982335606719988,0.9882480467066768,0.05643400087270221,inf,0.7701903426440219,1.2344686833163396,0.0015534085239044956,0.9977920798349477,0.03378286985457565,0.0028589815875561626,0.02622490122288893,2.037,18.354,186.99999999999963,133.57142857142833,0.136,0.143,0.413,0.416,0.049,0.057
F_0,age,0.3,82.209,81.513,0.017051349132811224,0.00010237510237510216,1.880721163019383e-31,2.7962238436231504e-66,0.9831319479632067,0.12807716409696865,inf,0.5942799184224477,1.7471261147730301,0.0016735623670396914,0.996508198046668,0.09021143281202286,0.005943723352782827,0.037343337953050254,3.665,18.487,6062.999999999457,186.99999999999963,0.136,0.132,0.413,0.389,0.049,0.051
F_1,race,0.3,82.209,81.963,0.060006141877367185,0.3000307093868359,5.348494203636101,0.034370166652903766,0.28806415486367404,0.3026865671641396,0.04913212821562817,0.1110667695328342,1.332131987467914,0.0022071628126776304,0.9968867138077784,0.057737356646624216,0.0033799237707385437,0.028344739419067254,2.723,18.037,759.4999999999714,226.29629629629733,0.136,0.135,0.413,0.404,0.049,0.05
F_2,sex,0.3,82.209,82.199,0.060006141877367185,0.3000307093868359,5.348494203636101,0.01595585576733682,0.35588721885741564,0.30078184884257864,0.05407884685558431,0.11588099066919127,1.4256852204191945,0.0023652666470562935,0.9967556625133285,0.0774194144462048,0.003987795951129311,0.030413629971060042,2.774,17.801,615.9999999999945,300.46992481203324,0.136,0.126,0.413,0.392,0.049,0.043
F_3,capital-gain,0.3,82.209,72.802,0.0006869671934366608,0.00010237510237510286,23.19425931391931,0.10973056683781857,0.9824499200179133,0.7972627360979573,inf,0.4162756630610764,3.48825352643025,0.012870303630411079,0.9972244239703633,0.24077244930118769,0.021158467991782136,0.07212082800292055,15.181,27.198,186.99999999999963,139.00000000000043,0.136,0.239,0.413,0.431,0.049,0.179
F_4,capital-loss,0.3,82.209,76.282,0.0015076068161473386,0.00010237510237510226,23.56115835816639,0.11365097413831377,0.9779005106977663,0.886826132676601,inf,0.41488942691350805,2.964243001791755,0.009234570350208231,0.997200967878769,0.1836942106217907,0.015816025484017816,0.062212163599199496,10.615,23.718,186.99999999999963,147.99999999999955,0.136,0.204,0.413,0.431,0.049,0.133
F_5,hours-per-week,0.3,82.209,80.469,0.01250666276311029,0.00010237510237510267,1.5091500784200282,0.0003695554009300901,0.9767448556150962,0.14627403285779994,inf,1.004703415853588,2.0842336593567388,0.00438567135367736,0.9970386860420256,0.09800412288193588,0.008199090207309528,0.0443329789261085,5.569,19.531,1638.7500000000687,186.99999999999963,0.136,0.153,0.413,0.411,0.049,0.071
F_0,age,0.5,82.209,80.346,0.02984389498874937,0.00010237510237510233,2.489719133883635e-31,4.5169769742828784e-66,0.968558504344838,0.20417132112208752,inf,0.7621808898909685,2.307677692205452,0.0030374179812624057,0.9941680893625479,0.15593070957858832,0.010301444534758637,0.04926610713223169,6.367,19.654,6062.999999999457,186.99999999999963,0.136,0.129,0.413,0.358,0.049,0.057
F_1,race,0.5,82.209,81.841,0.10001023646227863,0.5000511823113932,6.904876325989816,0.056833697733202716,0.009578818749842661,0.5028059701492732,0.07143514913439608,0.13190854258791485,1.6993435792198206,0.0038714303839597155,0.995931796352468,0.09701969378966765,0.005482436443099578,0.03608161835448006,4.402,18.159,759.4999999999714,339.44444444444594,0.136,0.133,0.413,0.399,0.049,0.05
F_2,sex,0.5,82.209,82.045,0.10001023646227863,0.5000511823113932,6.904876325989816,0.026175316258803302,0.000801213213607684,0.4993101333742041,0.08819392017876702,0.14682135411441455,1.8657061379856223,0.004168289095450888,0.9956811321109887,0.12930877573908006,0.006766903851762143,0.03965602754319556,4.647,17.955,615.9999999999945,420.6578947368465,0.136,0.119,0.413,0.373,0.049,0.039
F_3,capital-gain,0.5,82.209,65.964,0.0012907501329133206,0.00010237510237510263,29.94366001680851,0.18307485341791616,0.971341748140367,0.894884106643573,inf,0.5796259939173348,4.524096153588102,0.02313656768049323,0.9961151476483803,0.3548814900277594,0.03399985976711459,0.09153556699918505,25.97,34.036,186.99999999999963,130.9999999999999,0.136,0.322,0.413,0.462,0.049,0.278
F_4,capital-loss,0.5,82.209,72.136,0.0032652119531652994,0.00010237510237510188,30.429344929060196,0.18956802800936132,0.9682498557427056,0.929257380875931,inf,0.5776675293344697,3.8172372438360824,0.015388843599681724,0.9960577583764403,0.2822791193726976,0.025967209100707,0.07978676407002389,17.689,27.864,186.99999999999963,147.99999999999955,0.136,0.248,0.413,0.437,0.049,0.189
F_5,hours-per-week,0.5,82.209,79.22,0.023308494451935672,0.00010237510237510267,2.385905921598037,0.0010437691993625776,0.9564015495797179,0.20789256664952963,inf,1.2546026268330472,2.6520919324159857,0.007557763844765499,0.9956648698874819,0.16233317023185012,0.013233219690572371,0.05637025463930295,9.213,20.78,1638.7500000000687,186.99999999999963,0.136,0.165,0.413,0.41,0.049,0.088
F_0,age,0.7,82.209,79.302,0.04546534442362397,0.00010237510237510222,2.917204405710759e-31,4.803769186130488e-66,0.9272968831382494,0.2650403051778346,inf,0.8910630282450458,2.71265826745848,0.004070210494956333,0.9884372749359173,0.2076530470492834,0.014227349552391778,0.057949872612733044,9.11,20.698,2242.5000000001596,186.00000000000017,0.136,0.135,0.413,0.349,0.049,0.067
F_1,race,0.7,82.209,81.38,0.14001433104719008,0.7000716552359505,8.169959847398292,0.07910440880422873,0.27404430535971397,0.7022089552238695,0.08692907492432346,0.1433290317253872,1.991616933715529,0.005334896339586887,0.9949629977750267,0.1294421320153269,0.007510260166864437,0.04226693395507446,5.988,18.62,759.4999999999714,339.44444444444594,0.136,0.136,0.413,0.395,0.049,0.054
F_2,sex,0.7,82.209,81.544,0.14001433104719008,0.7000716552359505,8.169959847398292,0.03645905008669409,0.3568387287249968,0.6981450252952048,0.12079835460036922,0.17054024454709363,2.1624557482100504,0.005526100699113519,0.9949336074991356,0.1711872894134842,0.009084840335529185,0.04588013976346238,6.234,18.456,615.9999999999945,420.6578947368465,0.136,0.115,0.413,0.354,0.049,0.039
F_3,capital-gain,0.7,82.209,58.634,0.003304236321828392,0.00010237510237510279,35.432631237650156,0.2566233278782479,0.9565032049649206,0.9327879167160513,inf,0.7744478259592741,5.383675240130713,0.03192889173998453,0.9933830419135709,0.4475967606863335,0.04667667832075417,0.10739753225836571,36.984,41.366,186.99999999999963,130.9999999999999,0.136,0.393,0.413,0.457,0.049,0.373
F_4,capital-loss,0.7,82.209,67.489,0.006172293442837961,0.00010237510237510258,36.03549809155766,0.26544424430436203,0.9519969192212034,0.9496389597678248,inf,0.7714631654631067,4.551283577196267,0.02259312250968812,0.9932241094474059,0.37247316101423766,0.03611213850925939,0.09421672360473635,25.243,32.511,186.99999999999963,130.9999999999999,0.136,0.306,0.413,0.459,0.049,0.257
F_5,hours-per-week,0.7,82.209,77.418,0.04296784932504805,0.00010237510237510249,2.752167927296587,0.00142615894131051,0.9147499467702365,0.2508689614286812,inf,1.3269909991396578,3.186175200622813,0.011054596604217488,0.9920944793659947,0.22733744788637,0.018983239724047876,0.06765340691004904,13.594,22.582,1638.7500000000687,186.99999999999963,0.136,0.186,0.413,0.417,0.049,0.114
F_0,age,0.1,82.289,81.941,0.005612502474654911,0.00010238558410975686,1.0077730102827282e-31,3.5852693332794206e-67,0.9902321573745121,0.04588814120378977,inf,0.3282492994544079,0.9854609166065986,0.0006739149493488572,0.9975187954468667,0.0318810238011964,0.0019172547233365887,0.02110182689716883,1.31,18.059,2071.4285714286434,62.00000000000003,0.13,0.129,0.401,0.392,0.045,0.046
F_1,race,0.1,82.289,82.187,0.020004095004095005,0.10002047502047502,3.0879545682284553,0.010943655769434785,0.5681507955827076,0.0999638249125682,0.018890203631652277,0.06986789579707481,0.7274261330023251,0.0006686565728855881,0.9975130870820688,0.01797453657908931,0.001012452668007752,0.015508209131233065,0.88,17.813,899.9999999999774,135.29411764705827,0.13,0.13,0.401,0.4,0.045,0.045
F_2,sex,0.1,82.289,82.023,0.020004095004095005,0.10002047502047502,3.0879545682284553,0.005897682330958247,0.6164986455347748,0.10276800734056597,0.0183826137910624,0.06820031997241392,0.8064353909354898,0.0008129976497338607,0.9974826683416301,0.027513685922774183,0.0013136110081444178,0.017291308786312555,0.983,17.977,528.0000000000077,193.74999999999918,0.13,0.127,0.401,0.39,0.045,0.044
F_3,capital-gain,0.1,82.289,79.064,0.00018196829635959517,0.00010238558410975647,13.435824570217045,0.03696178990205739,0.9905477089786593,0.5071897212808216,inf,0.2294960876155686,2.035434046913891,0.005076953300632944,0.9976755734586041,0.10114880827483239,0.007363510074259973,0.0424879030352051,5.354,20.936,124.00000000000006,87.00000000000006,0.13,0.171,0.401,0.42,0.045,0.093
F_4,capital-loss,0.1,82.289,79.945,0.0002497192017021154,0.00010238558410975957,13.693168800123406,0.038391251389982256,0.9841661093248013,0.7371938513090831,inf,0.22878706202443053,1.7980152876229045,0.003949230042851233,0.9976738826149424,0.08022001512655938,0.00582242203509397,0.03773460134167497,4.187,20.055,124.00000000000006,87.00000000000006,0.13,0.161,0.401,0.418,0.045,0.081
F_5,hours-per-week,0.1,82.289,81.716,0.003347752055456102,0.0001023855841097571,1.0078318261475472,0.000206127045308969,0.9882650575409047,0.05332080065616403,inf,0.5777374930165039,1.1966668993721075,0.00154740462617775,0.9976330058587651,0.03547719116069328,0.002721505430385103,0.02547121742302849,1.802,18.284,812.000000000001,66.12903225806448,0.13,0.134,0.401,0.398,0.045,0.051
F_0,age,0.3,82.289,81.357,0.016601031659057644,0.00010238558410975728,1.9176015528492178e-31,2.2228670078790692e-66,0.983125110390838,0.13549468664709985,inf,0.597285927195689,1.6906997284449266,0.0017170408972206346,0.9963267854223691,0.09061850333894364,0.005605690688367882,0.03617783951097719,3.43,18.643,1202.800000000027,95.45454545454541,0.13,0.127,0.401,0.376,0.045,0.049
F_1,race,0.3,82.289,82.105,0.06001228501228502,0.3000614250614251,5.348494203636101,0.032445287809822095,0.2812880367047758,0.2984444712408146,0.05033250617644002,0.11228721598303444,1.2475409851384285,0.001963809115218037,0.9966636221565369,0.055010798810616296,0.0029715199637760886,0.026560966499640896,2.355,17.895,899.9999999999774,289.5454545454546,0.13,0.129,0.401,0.395,0.045,0.045
F_2,sex,0.3,82.289,81.828,0.06001228501228502,0.3000614250614251,5.348494203636101,0.015153990294533055,0.3523861167585643,0.29622266401591674,0.054411831857062165,0.11621622032113546,1.3521897015962112,0.0022028869426898414,0.9965042493073903,0.07511943871122188,0.0036465638454322674,0.028910614068585833,2.57,18.172,528.0000000000077,309.99999999999864,0.13,0.122,0.401,0.376,0.045,0.043
F_3,capital-gain,0.3,82.289,72.471,0.0005752571359618068,0.00010238558410975693,23.18565769696713,0.10998685105661939,0.9832977472956376,0.7773916679264311,inf,0.4168896801228465,3.5057285767024586,0.014304727373694814,0.9970150364457193,0.24754578835541546,0.021105520407177995,0.07202916694233669,15.776,27.529,124.00000000000006,87.00000000000006,0.13,0.245,0.401,0.437,0.045,0.185
F_4,capital-loss,0.3,82.289,75.491,0.0009554671596017815,0.00010238558410975677,23.675174845479248,0.11468365308837254,0.9763714348785336,0.896538411959884,inf,0.4163744122864365,3.1004793895565705,0.011803992416782243,0.9970044947792566,0.2081649850135927,0.016834170606309082,0.06425798197215501,12.203,24.509,124.00000000000006,99.99999999999996,0.13,0.224,0.401,0.457,0.045,0.151
F_5,hours-per-week,0.3,82.289,80.682,0.012213474021781329,0.00010238558410975705,2.0440465981492357,0.0007204428685381738,0.9771304017416584,0.14430807144409638,inf,0.9755473689133429,1.988933782060621,0.004517675963237321,0.9968221423796426,0.09338202742032262,0.007498003527443108,0.04232460580439858,5.027,19.318,708.0000000000066,99.99999999999996,0.13,0.148,0.401,0.406,0.045,0.067
F_0,age,0.5,82.289,80.784,0.030260976938983285,0.00010238558410975692,2.4038407648215367e-31,2.653099376126486e-66,0.9685874836047815,0.20340304152035793,inf,0.7431175602720055,2.1848721768747854,0.002547770310611039,0.9939243715987048,0.14372376329800374,0.00933752701940622,0.04676450621388482,5.968,19.216,2071.4285714286434,124.00000000000006,0.13,0.127,0.401,0.365,0.045,0.053
F_1,race,0.5,82.289,81.849,0.09999999999999999,0.5,6.904169547102045,0.054348669327795106,0.005388446790842561,0.49837212106596457,0.07381400924470256,0.13401632052202828,1.633837509139922,0.0033526449366134063,0.995586862100045,0.09028578458785425,0.005075568641012752,0.03474650647380487,4.064,18.151,899.9999999999774,455.00000000000017,0.13,0.128,0.401,0.388,0.045,0.046
F_2,sex,0.5,82.289,81.521,0.09999999999999999,0.5,6.904169547102045,0.025133447317762136,0.006711810092718261,0.4930417495030329,0.08877660624105137,0.14732406161616513,1.8054050294485569,0.003652762238942148,0.9953722848863369,0.12507034903311626,0.006436115266383647,0.03849819468154003,4.453,18.479,528.0000000000077,516.6666666666645,0.13,0.116,0.401,0.356,0.045,0.041
F_3,capital-gain,0.5,82.289,65.244,0.00132362514930818,0.00010238558410975785,29.856934296022388,0.18235844410241572,0.9699724387524198,0.8725972093302515,inf,0.5785754670268213,4.601327876865135,0.024535750905147185,0.9958775617859682,0.36568479424681655,0.034771721311018376,0.09259803367580578,26.935,34.756,124.00000000000006,99.99999999999996,0.13,0.327,0.401,0.457,0.045,0.286
F_4,capital-loss,0.5,82.289,70.977,0.0024141996069202633,0.00010238558410975698,30.553640309124358,0.19073100424597572,0.9639812243684565,0.9345430056468715,inf,0.5794073295492832,3.9608234106019466,0.019188778962765767,0.9958376956045659,0.3032328142098971,0.02681629299728694,0.08117592284984587,20.014,29.023,124.00000000000006,99.99999999999996,0.13,0.282,0.401,0.482,0.045,0.219
F_5,hours-per-week,0.5,82.289,79.197,0.023944329592420068,0.00010238558410975681,2.320104912368037,0.0008670410430684671,0.9556959553860999,0.20548789177840557,inf,1.0832546334298876,2.597086730489733,0.007152726308900181,0.9953316589269395,0.15994645619515457,0.012750310965158544,0.05526175377031437,8.518,20.803,812.000000000001,113.99999999999983,0.13,0.155,0.401,0.39,0.045,0.082
F_0,age,0.7,82.289,80.139,0.045764646173626515,0.00010238558410975764,3.0058934084208287e-31,5.879841758072282e-66,0.9272740937401789,0.26771169745325246,inf,0.8787646264616084,2.548472530429712,0.004056233553749086,0.9884823624221453,0.20152137544970306,0.012718630382808689,0.054515076389163655,7.862,19.861,2071.4285714286434,133.14754098360618,0.13,0.125,0.401,0.347,0.045,0.056
F_1,race,0.7,82.289,81.654,0.14000819000819,0.70004095004095,8.169362518949502,0.07691091998900867,0.2837260244119974,0.7008320270107832,0.08966838216437743,0.14557471500863128,1.9422026271346264,0.004777098708594215,0.9944894194025988,0.12482078584421363,0.007132119725494627,0.041248919654847935,5.692,18.346,899.9999999999774,455.00000000000017,0.13,0.129,0.401,0.387,0.045,0.048
F_2,sex,0.7,82.289,81.409,0.14000819000819,0.70004095004095,8.169362518949502,0.0365109925229895,0.3575074503443052,0.6965896926136107,0.12086044409339568,0.17057774000190382,2.1110545566842562,0.005271200696322539,0.9945235453717177,0.1692611293670275,0.008729492474179366,0.04486036989706787,5.897,18.591,528.0000000000077,516.6666666666645,0.13,0.111,0.401,0.344,0.045,0.038
F_3,capital-gain,0.7,82.289,59.429,0.004097771843554521,0.00010238558410975716,35.325507117317855,0.2550159294457971,0.9499480982721498,0.9253802393143643,inf,0.7717777949804522,5.369792570567146,0.033103332457705734,0.9931810625774616,0.4461901497923894,0.04582376031482105,0.10643054259537701,36.681,40.571,124.00000000000006,87.00000000000006,0.13,0.398,0.401,0.484,0.045,0.371
F_4,capital-loss,0.7,82.289,66.114,0.006198226524397026,0.00010238558410975753,36.11014876031495,0.2668191971603767,0.9487502043779026,0.9531880180973107,inf,0.7722459236096337,4.693413688424524,0.026681685892536264,0.9931241585705125,0.38502630595128934,0.03677015985091791,0.09514375676657397,28.071,33.886,124.00000000000006,99.99999999999996,0.13,0.342,0.401,0.507,0.045,0.29
F_5,hours-per-week,0.7,82.289,78.419,0.04246252637993283,0.00010238558410975753,2.670662552469542,0.0011031006959616948,0.9115811092311632,0.250989777225378,inf,1.2041130500541273,3.052504628408795,0.010544512087315725,0.992037347774084,0.22197941247501848,0.01753399515672436,0.06489272431297811,11.937,21.581,708.0000000000066,99.99999999999996,0.13,0.171,0.401,0.406,0.045,0.097
F_0,age,0.1,82.576,82.217,0.005403113457759157,0.00010238558410975696,9.902451879311725e-32,4.3023232863594115e-67,0.9900272945282699,0.045897925099132236,inf,0.35498512099864904,1.0104184342638984,0.0007851925389198764,0.9975267760914436,0.03354982436587522,0.002009173090380235,0.021616816574210572,1.321,17.783,665.9999999999903,95.50000000000045,0.139,0.136,0.425,0.412,0.048,0.049
F_1,race,0.1,82.576,82.402,0.020004095004095005,0.10002047502047502,3.0879545682284553,0.01097579572764164,0.5640652505174091,0.0993892946952609,0.018942015993410877,0.06996720221905248,0.7546564843893122,0.0008533698894612958,0.9975277546163345,0.022499596196667835,0.0011155363538915817,0.016109262144036372,0.911,17.598,1151.499999999994,188.79545454545473,0.139,0.137,0.425,0.418,0.048,0.048
F_2,sex,0.1,82.576,82.504,0.020004095004095005,0.10002047502047502,3.0879545682284553,0.004772783793718269,0.6163029573185108,0.09827213822893113,0.018538457651108824,0.0683351368653142,0.8452043966181318,0.0007178257782360445,0.9975202818750576,0.027168873216788635,0.001416832239671752,0.018103020370019103,1.054,17.496,3728.6666666667215,1491.4666666666885,0.139,0.136,0.425,0.418,0.048,0.047
F_3,capital-gain,0.1,82.576,79.341,0.00020032895346729565,0.0001023855841097573,13.316525208868738,0.03622663827969603,0.9898376709984376,0.5319252214442497,inf,0.22716592669904517,2.0064249139052475,0.004134807166258005,0.9976887307305642,0.09224214556068565,0.007233218687369138,0.04210145732597073,5.18,20.659,260.00000000000045,48.99999999999997,0.139,0.171,0.425,0.427,0.048,0.091
F_4,capital-loss,0.1,82.576,80.672,0.0002618688104014,0.00010238558410975749,13.74405943562811,0.038677143687567236,0.9876342862134746,0.7251205680542462,inf,0.23016307944226588,1.665766330902383,0.0034435131655948356,0.9976982235191261,0.06850634526463241,0.00501932316397433,0.035032605994541895,3.378,19.328,260.00000000000045,99.00000000000023,0.139,0.165,0.425,0.44,0.048,0.078
F_5,hours-per-week,0.1,82.576,82.033,0.003476876884278613,0.00010238558410975812,1.07415808590956,0.00021322662543784616,0.9886904926100488,0.05496830920246411,inf,0.664037837126431,1.2040973514627724,0.0015198741018905904,0.9976690011123301,0.03457880988214926,0.002758835652626611,0.025630227983056676,1.873,17.967,310.00000000000455,130.49236641221438,0.139,0.144,0.425,0.424,0.048,0.055
F_0,age,0.3,82.576,81.491,0.01708834522700256,0.00010238558410975693,1.6738198740259592e-31,2.294572421192363e-66,0.9831565425622569,0.13025128050347715,inf,0.5685263065474698,1.723422573449337,0.0019120658056155802,0.9962605301512241,0.09499118013601401,0.005847266406178079,0.036871366396352065,3.645,18.509,5761.9999999999245,191.0000000000009,0.139,0.131,0.425,0.387,0.048,0.05
F_1,race,0.3,82.576,82.187,0.06001228501228502,0.3000614250614251,5.348494203636101,0.03247742776802895,0.27140103320468734,0.29649143815110557,0.05045438053708453,0.11241646031661469,1.3107402158756254,0.0024494167774300538,0.9966087841334235,0.05969082810966868,0.003275885944851107,0.027877191755534776,2.641,17.813,1151.499999999994,335.63636363636397,0.139,0.137,0.425,0.415,0.048,0.05
F_2,sex,0.3,82.576,82.299,0.06001228501228502,0.3000614250614251,5.348494203636101,0.014864730670671343,0.3544604024989378,0.2974390620178931,0.05434627214907623,0.11614356764845578,1.4662113765558455,0.002229098013230889,0.9964747589291678,0.07995018016182356,0.004255169294189238,0.03133612776455391,3.081,17.701,3728.6666666667215,2796.500000000041,0.139,0.129,0.425,0.4,0.048,0.044
F_3,capital-gain,0.3,82.576,73.004,0.0005326646045235739,0.00010238558410975796,23.241511303345582,0.11051779389499149,0.9816300096114153,0.791758209702705,inf,0.41766525327717036,3.4275890175723136,0.013060196706786204,0.9969998960809733,0.23621953194726805,0.02040659648593748,0.07080960904245882,14.937,26.996,260.00000000000045,99.00000000000023,0.139,0.242,0.425,0.442,0.048,0.179
F_4,capital-loss,0.3,82.576,76.628,0.0009769680803803037,0.00010238558410975816,23.6625334768577,0.11439776079078756,0.9782722621052254,0.8870151689206804,inf,0.417078063413943,2.8750847107694746,0.010146525015094464,0.9969693914333589,0.1820603922641114,0.014690435749470637,0.05998133366919405,10.616,23.372,260.00000000000045,99.00000000000023,0.139,0.215,0.425,0.461,0.048,0.138
F_5,hours-per-week,0.3,82.576,80.815,0.01159069243001681,0.00010238558410975685,2.1598034134374817,0.0008483113411906929,0.977819939168567,0.14533368221269313,inf,1.0532930391645419,2.0586782865427384,0.004774525346055622,0.9968207346104725,0.09668970744028443,0.008010772987320643,0.04378434262214892,5.631,19.185,331.5000000000012,260.00000000000045,0.139,0.157,0.425,0.428,0.048,0.072
F_0,age,0.5,82.576,81.05,0.03108440660776923,0.00010238558410975694,2.3373622372948965e-31,4.875966297580518e-66,0.9684769009467857,0.20166854277742402,inf,0.7513142325882061,2.255802227401997,0.0032169502069937014,0.9937525886782382,0.1590933585348976,0.009975711880740408,0.04821504996121058,6.091,18.95,1320.0000000000277,168.18181818181756,0.139,0.127,0.425,0.369,0.048,0.051
F_1,race,0.5,82.576,82.002,0.09999999999999999,0.5,6.904169547102045,0.05454150907703624,0.015064201425407212,0.49562926595609025,0.0737898079740732,0.13398379772827468,1.69924885439018,0.004033197078074669,0.9955004581044583,0.09709696652524911,0.005480014937256071,0.03610182029687539,4.361,17.998,1151.499999999994,419.545454545455,0.139,0.139,0.425,0.413,0.048,0.052
F_2,sex,0.5,82.576,82.074,0.09999999999999999,0.5,6.904169547102045,0.025583406732658142,0.00042536755959999016,0.4995371798827125,0.08829526288447904,0.1469236057573627,1.8413307809027366,0.003778631849597677,0.995331831862025,0.1270001521131025,0.006686142831737952,0.03924964050040723,4.699,17.926,3728.6666666667215,3728.6666666667215,0.139,0.125,0.425,0.386,0.048,0.043
F_3,capital-gain,0.5,82.576,66.871,0.0009101968883008814,0.00010238558410975715,30.013524770450264,0.18395127261753205,0.970807083240561,0.8739203382518373,inf,0.5821375283250465,4.44335628135938,0.022172502885487222,0.9957362416654254,0.34809437913323316,0.03313636807319902,0.09033636786221885,25.123,33.129,260.00000000000045,149.99999999999952,0.139,0.316,0.425,0.468,0.048,0.268
F_4,capital-loss,0.5,82.576,72.963,0.00254657167976817,0.00010238558410975796,30.520980074980255,0.19032258667799717,0.967438486354964,0.9295505069839288,inf,0.5802299933677191,3.7383039445684916,0.01674686624060766,0.9957018594900078,0.2774117532371673,0.02447238169439108,0.0775123741132219,17.68,27.037,260.00000000000045,99.00000000000023,0.139,0.265,0.425,0.488,0.048,0.194
F_5,hours-per-week,0.5,82.576,79.638,0.024257738504943352,0.00010238558410975742,2.4564471315106466,0.000992726801009733,0.9591220220175263,0.2112699011683541,inf,1.189125639649907,2.6328651460396593,0.008061845407092016,0.99528004297388,0.16044065443583866,0.013078419886124583,0.05598293681390411,9.06,20.362,260.00000000000045,191.0000000000009,0.139,0.171,0.425,0.433,0.048,0.089
F_0,age,0.7,82.576,80.149,0.045851179933417106,0.00010238558410975728,2.8257331608020316e-31,6.740306375732689e-66,0.9272648936164495,0.26705872995648566,inf,0.882198926186773,2.692728428817843,0.004609580516352223,0.988536710732909,0.2206041977804834,0.014124586095361259,0.057480810936634714,8.896,19.851,5761.9999999999245,191.0000000000009,0.139,0.124,0.425,0.344,0.048,0.055
F_1,race,0.7,82.576,81.634,0.14000819000819,0.70004095004095,8.169362518949502,0.07729659948749096,0.2895877706215482,0.6974015088012523,0.08931487164850734,0.14526561377517058,2.0198581967187224,0.005604602503034639,0.9942307008377341,0.13175553890995398,0.007700283910752981,0.04287242435252438,6.224,18.366,1151.499999999994,503.45454545454595,0.139,0.14,0.425,0.409,0.048,0.056
F_2,sex,0.7,82.576,81.593,0.14000819000819,0.70004095004095,8.169362518949502,0.03635029273195522,0.3550858732306052,0.7019438444924971,0.12061720161939687,0.1704271959435972,2.1952842309382397,0.005217525040408028,0.9944576910107588,0.17277208966780025,0.009413381732413025,0.046675727183821375,6.572,18.407,3728.6666666667215,3728.6666666667215,0.139,0.119,0.425,0.364,0.048,0.042
F_3,capital-gain,0.7,82.576,59.705,0.003070682509222893,0.00010238558410975762,35.40165495963563,0.2561186568793391,0.948154465502813,0.9267893902868559,inf,0.7739176202827777,5.2361340238998135,0.030679398052717986,0.9928468662916393,0.43235594268559924,0.04453459056651428,0.10486711418949574,34.992,40.295,260.00000000000045,99.00000000000023,0.139,0.384,0.425,0.46,0.048,0.36
F_4,capital-loss,0.7,82.576,69.932,0.0064843048135445145,0.00010238558410975726,36.08251837233743,0.26624741256520673,0.9482817154384481,0.949447698717652,inf,0.7741194420825771,4.346186129673,0.02284238617807173,0.99273981284623,0.34828093069315935,0.03257344529940222,0.08953162501242617,23.659,30.068,260.00000000000045,99.00000000000023,0.139,0.31,0.425,0.519,0.048,0.244
F_5,hours-per-week,0.7,82.576,78.02,0.04280248896903947,0.00010238558410975757,2.7127732265082543,0.001201524967551465,0.9172133643932134,0.25408390000622844,inf,1.2690811804854538,3.116077374430648,0.01112667355306562,0.9917246649312069,0.2207095957677841,0.018199810322322492,0.06619064206264988,12.991,21.98,446.76923076922486,194.53846153846126,0.139,0.185,0.425,0.427,0.048,0.109
F_0,age,0.1,81.593,81.276,0.005442431032370708,0.00010238558410975746,1.1228324983506382e-31,1.0038754082766371e-66,0.9902603454101111,0.045406173428835746,inf,0.3580405328477849,1.0037561652917504,0.00046150608049247974,0.9975461880909119,0.02951530859387192,0.001999693138422886,0.021510968578543482,1.3,18.724,468.0000000000009,94.49999999999952,0.137,0.137,0.403,0.394,0.054,0.056
F_1,race,0.1,81.593,81.532,0.020004095004095005,0.10002047502047502,3.0879545682284553,0.01078295597840051,0.561052181726416,0.09835282883742763,0.019034632219538515,0.07010418669030007,0.7322504198818642,0.0006325068177742509,0.9975424780011535,0.01861438360022177,0.00103388549975571,0.015616165020842378,0.819,18.468,759.0000000000098,62.99999999999968,0.137,0.136,0.403,0.399,0.054,0.054
F_2,sex,0.1,81.593,81.46,0.020004095004095005,0.10002047502047502,3.0879545682284553,0.0044192442534428285,0.6149164331023425,0.09548505186089226,0.01867561639681625,0.06853878499470227,0.858839963139854,0.0005824229198388869,0.997535538378446,0.025524441365068037,0.0014717504397398478,0.018410123848688353,1.095,18.54,631.8181818181898,280.80808080808436,0.137,0.135,0.403,0.395,0.054,0.053
F_3,capital-gain,0.1,81.593,78.583,0.0001534319307380289,0.00010238558410975762,13.391211858545278,0.03663505584767457,0.9900912373435753,0.5136374050929735,inf,0.22808307490382052,2.0094521837933845,0.004264123212817437,0.9977129634094234,0.09299321667400691,0.007232562083190339,0.04211769128448567,5.119,21.417,188.99999999999903,140.00000000000026,0.137,0.171,0.403,0.41,0.054,0.096
F_4,capital-loss,0.1,81.593,79.525,0.0003725758113559018,0.00010238558410975678,13.60548485377366,0.03790115030840802,0.9866539235559395,0.7205810546875,inf,0.2277303741107053,1.7415529778015473,0.003489550182719641,0.9977066252151041,0.07302482270328556,0.00547850353703838,0.03661073469063961,3.829,20.475,188.99999999999903,140.00000000000026,0.137,0.165,0.403,0.416,0.054,0.085
F_5,hours-per-week,0.1,81.593,81.071,0.003305331850336794,0.0001023855841097572,0.8750531104904152,0.00015488324591905807,0.988586006177386,0.05702505059944116,inf,0.5209554881174062,1.1611412178437743,0.0014492529426148879,0.9976663184543944,0.031156570626387717,0.0025641709914205404,0.02471298034460421,1.71,18.929,188.99999999999903,121.77272727272685,0.137,0.144,0.403,0.404,0.054,0.061
F_0,age,0.3,81.593,80.702,0.017573817796978742,0.00010238558410975757,1.9537859117503693e-31,2.6530993203103157e-66,0.9833339227522693,0.13086522118366942,inf,0.6007341559641601,1.7822598600548232,0.0018813860392253535,0.9963151322131735,0.09408916746961771,0.0062234632681798414,0.03812018413352411,4.064,19.298,10088.000000000036,206.9565217391309,0.137,0.132,0.403,0.374,0.054,0.057
F_1,race,0.3,81.593,81.47,0.06001228501228502,0.3000614250614251,5.348494203636101,0.03379516605451009,0.2810219528276897,0.30042969682504916,0.049571410855851365,0.11151761818096359,1.2652313525882026,0.00214656936014645,0.9966764404791542,0.05590417334518003,0.0030785570437021218,0.026941886368040277,2.498,18.53,759.0000000000098,120.27272727272666,0.137,0.134,0.403,0.392,0.054,0.052
F_2,sex,0.3,81.593,81.398,0.06001228501228502,0.3000614250614251,5.348494203636101,0.01579678945867019,0.3535598916724977,0.2985051860890949,0.054237095770722867,0.11604368522612289,1.5114252571815707,0.0021074437775905836,0.9965268107292944,0.07959293715080829,0.0045207285198638385,0.032312642999958875,3.368,18.602,631.8181818181898,526.5151515151582,0.137,0.128,0.403,0.379,0.054,0.049
F_3,capital-gain,0.3,81.593,72.113,0.00043639561917823403,0.00010238558410975755,23.181355691605493,0.10970095875903443,0.9814883639463342,0.8025703811521138,inf,0.4154736107104464,3.4752067275292005,0.0130277777697929,0.9970457771089282,0.23990376490164855,0.02098126427839824,0.07180051726354686,15.438,27.887,188.99999999999903,65.00000000000011,0.137,0.241,0.403,0.421,0.054,0.184
F_4,capital-loss,0.3,81.593,75.594,0.0010569066288569505,0.00010238558410975732,23.60767599152449,0.11394850146601118,0.9785673274653269,0.8869215563846805,inf,0.41592594762588797,2.9801853123623196,0.010305536261043427,0.9970327681423808,0.19094514053584327,0.015780691604364797,0.06214045183669045,11.302,24.406,188.99999999999903,187.99999999999937,0.137,0.216,0.403,0.442,0.054,0.145
F_5,hours-per-week,0.3,81.593,80.416,0.01178260660468464,0.00010238558410975728,1.9992477500058237,0.0006814306994194063,0.9767095971594473,0.1451319797431105,inf,0.9671186370351779,1.9768352570790393,0.004463872563348634,0.9968823083273421,0.09624951431162881,0.007406794242064856,0.04203798278963541,5.538,19.584,188.99999999999903,187.99999999999937,0.137,0.152,0.403,0.408,0.054,0.071
F_0,age,0.5,81.593,79.965,0.030341634351576455,0.00010238558410975742,2.4897191361794505e-31,4.230617846038603e-66,0.9690278543289549,0.2039400798544587,inf,0.7438209576524208,2.290255871779994,0.0032861867059902176,0.9937857260648537,0.156487514706706,0.010210524027613679,0.04892865511189228,6.603,20.035,10088.000000000036,206.9565217391309,0.137,0.128,0.403,0.35,0.054,0.059
F_1,race,0.5,81.593,81.388,0.09999999999999999,0.5,6.904169547102045,0.055666407614276235,0.0062891293365783495,0.49820959656245783,0.07268514933006295,0.13300990833952248,1.6462935415214617,0.0035360709350665547,0.9955882407317587,0.09228366654260539,0.00518461084966919,0.03501237552178612,4.075,18.612,759.0000000000098,151.19999999999922,0.137,0.131,0.403,0.385,0.054,0.051
F_2,sex,0.5,81.593,80.866,0.09999999999999999,0.5,6.904169547102045,0.026483325562450137,0.0017904787303845298,0.49816961561934264,0.08818120058295416,0.14679990896689116,1.929634032951982,0.003659099210589256,0.995265042751224,0.13035772934546475,0.0073365140757388585,0.04115809769576339,5.518,19.134,631.8181818181898,631.8181818181898,0.137,0.122,0.403,0.355,0.054,0.049
F_3,capital-gain,0.5,81.593,65.254,0.001572713044176197,0.00010238558410975724,29.940329057343643,0.18321612099517065,0.9683995969158788,0.8972735207055632,inf,0.5786761478830431,4.522332656675385,0.022466576940992564,0.9957971862882974,0.3542763832743818,0.03424980788164636,0.09182668567469202,26.31,34.746,188.99999999999903,140.00000000000026,0.137,0.317,0.403,0.437,0.054,0.28
F_4,capital-loss,0.5,81.593,70.588,0.0026695731354330217,0.00010238558410975666,30.4980971005723,0.19028174492119931,0.9698138759991042,0.9297503631156439,inf,0.5796756814975316,3.8508676866672094,0.017420024685546896,0.9957376766042527,0.28822027883565937,0.02579453616414755,0.07955813714191098,18.847,29.412,188.99999999999903,187.99999999999937,0.137,0.271,0.403,0.452,0.054,0.214
F_5,hours-per-week,0.5,81.593,78.88,0.023994900776121632,0.00010238558410975749,2.6045806067622856,0.0011775254440588756,0.9568902550596853,0.21011518814053332,inf,1.1332015620396625,2.5633585104576544,0.0073045431326779625,0.9952834773594548,0.16148486908696963,0.01244929723964467,0.05450736991526095,8.794,21.12,495.99999999999363,187.99999999999937,0.137,0.16,0.403,0.393,0.054,0.087
F_0,age,0.7,81.593,79.228,0.045747921613825925,0.00010238558410975776,2.9766240420094307e-31,6.094957945797034e-66,0.9280810900775871,0.26770148844132385,inf,0.8642904564988872,2.6450110782184906,0.004373657175620925,0.9878611977552466,0.21207287889755558,0.013612233071665179,0.05645575388688566,8.794,20.772,1938.0000000000384,188.99999999999903,0.137,0.126,0.403,0.328,0.054,0.062
F_1,race,0.7,81.593,81.112,0.14000819000819,0.70004095004095,8.169362518949502,0.07800367856804181,0.286755276133795,0.6977798997373679,0.0884334453539257,0.14454438317681667,1.9649434092747171,0.004801813884561312,0.9946183810958216,0.12732816536307934,0.007341852454317425,0.041740495224070466,5.661,18.888,759.0000000000098,188.99999999999903,0.137,0.13,0.403,0.377,0.054,0.052
F_2,sex,0.7,81.593,80.61,0.14000819000819,0.70004095004095,8.169362518949502,0.03741091135278149,0.35547782923443033,0.6990543014033235,0.12037781762298387,0.17019156336887595,2.270429650083317,0.005294407550800453,0.9946044421151804,0.17721541534897148,0.010050271675582973,0.04826751091683557,7.33,19.39,631.8181818181898,631.8181818181898,0.137,0.116,0.403,0.336,0.054,0.046
F_3,capital-gain,0.7,81.593,59.029,0.004168763991272488,0.000102385584109757,35.41292219574511,0.2563637074201262,0.9443377579516823,0.934208553793356,inf,0.7717297540820506,5.316252349833264,0.03100612994935027,0.9931017925494517,0.43942395991435307,0.04583019720652783,0.10638366646207639,36.364,40.971,188.99999999999903,136.00000000000023,0.137,0.386,0.403,0.451,0.054,0.366
F_4,capital-loss,0.7,81.593,66.687,0.006606172332663857,0.0001023855841097577,36.08251837233743,0.2662474125652068,0.9547857220863342,0.9482954784299459,inf,0.7740317027897243,4.58299723582059,0.024116147176440603,0.9929750805858004,0.3724078844930747,0.03597172537212601,0.09404595696081568,26.392,33.313,188.99999999999903,187.99999999999937,0.137,0.323,0.403,0.478,0.054,0.274
F_5,hours-per-week,0.7,81.593,77.774,0.04233509572181077,0.00010238558410975732,2.860806076449799,0.0013575640157952498,0.9139006643510982,0.2552388636873599,inf,1.2245107177204655,3.091623073927166,0.01045700405607329,0.9918197175774008,0.22773534491855252,0.017952318408489144,0.0656716056819537,12.602,22.226,495.99999999999363,187.99999999999937,0.137,0.173,0.403,0.398,0.054,0.103
